school name,email,contact no
"Aspee Nutan Academy, Malad West, Mumbai",info@aspeenutanacademy.org, 022 28020313/ 022 28079933
Chaman Bhartiya School Bengaluru,info@chamanbhartiya.com, +918067423399
Seth MR Jaipuria School Lucknow,principal@jaipuria.com, 91 522 272 6500
"JBCN International School, Chembur",info.cbr@jbcnschool.edu.in, 91 8657976711
"JBCN International School, Borivali",info.bor@jbcnschool.edu.in, 91 22 28927089 / 9930002242
"JBCN International School, Oshiwara",info.osh@jbcnschool.edu.in, 91 22 26302441/9819098768
"The Hyderabad Public School, Kadapa",hyderabadpublicschoolkdp@gmail.com, 91 9505817480
"Shri Ram Global School, Greater Noida (West)",info@srgsnoida.com, 91 9319290071
"Mukarram Jah School, Hyderabad",info.mukarramjahtrust@gmail.com, 91 40 2456 4494
"The Hyderabad Public School, Begumpet",contactus@hpsbegumpet.org.in, +91 9154201768
St Michael’s School Siliguri,deputydirector1972@gmail.com, 91 3532548358/ 91 94340 69253
"Welham Girls’ School, Dehradun",mainschool@welhamgirls.com, 91-135-2657223
"Alpha Plus Matriculation School, Trichy",info.matric@alphaeducation.edu.in, +914312457308
"Legacy School, Bengaluru",info@lsb.edu.in, +91 8028443570
"Universal High School, Thane",info.thane@universal.edu.in, +91 2225890151
"St. Thomas School, Ranchi, Bihar",principal@stthomasschoolranchi.com, +91 6512408649
"Children’s Academy, Malad, Mumbai",contacmalad@children-academy.org, +91 2228835014
"St. Mary’s Convent High School, Kanpur",contact@smccjkanpur.org, +91 5122381010
St. Joseph’s Girls High School Cuttack,st.josephscuttack@yahoo.co.in, +916712301307
"St. Anne’s High School, Pune",annes1860@gmail.com, +91b2026340840
"St. Anne’s Girls High School, Kalbadevi, Mumbai",info@stannesdabul.org, +91 22 22050504
"Convent Girls High School, Prabhadevi, Mumbai",info@fyhic-cghs.com, +91 2224379467
"Bai Avabai F Petit (BAFP) Girls’ High School, Mumbai",bafpetit@yahoo.co.in, +91 2226483018
"NASR Girls’ School, Khairatabad, Hyderabad",nasrschool@sify.com, +91 4023307555
"Hopetown Girls’ School, Dehradun",schooloffice@hopetown.in, +91 1353981426
"St. Edmund’s School, Laitumkhrah, Shillong",saintedmunds@gmail.com, +91 3642222307
"St. Vincent’s School, Pune",stvincentsschool@yahoo.co.in, +91 2026352135
"St. Francis’ College, Lucknow",contact@stfrancislucknow.org, +91 5222623712
"St. Joseph’s Boys School, Jalandhar",stjosephboysjal@gmail.com, +91 1812226782
"Calcutta Boys’ School, Kolkata",calcuttaboysschool@gmail.com, +91 3322651531
"St. Xavier’s Collegiate School, Kolkata",principal@sxcs.edu.in, +91 3322551171
"St. Paul’s School, Darjeeling",info@stpaulsdarjeeling.com, +91 3542252334
"Anubhuti School, Jalgaon",info@anubhutischool.in, +91 9422776726
"St. Francis School, Vadakkenchery, Palakkad",wilsvtor@gmail.com, +91 4922259860
"Jiva Public School, Faridabad",monika@jiva.com, +91 1294294802
"Panchajanya Brilliants High School, Hindupur",, +91 8556220646
"The Bishop’s School, Pune",, 02026330260
"St. Mary’s School, Mazgaon, Mumbai",info@stmarysicse.com, 02223778264
"St. Xavier’s High School, Fort, Mumbai",xaviersfort@mtnl.net.in, 91 22 22621113
"Scholars’ Home, Lucknow",admin@scholars-home.com, +91 5224000044
"Trio World Academy, Bangalore",admissions@trioworldacademy.com, +91 8040611222
"Billabong High International School, Andheri",info@bhisandheri.com / admissions@bhisandheri.com, +91 22 26300033 / +91 9953982323
"Symbiosis International School, Pune",sis@symbiosis.ac.in, +91 26634479
"Mount Litera School, BKC, Mumbai",admission@mlsi.in, +91 9930441459
"Primus Public School, Bangalore",admission@primusschool.com, +91 9513488609
"Hill Spring International School, Mumbai",info@hsieducation.org, +91-22-2355 6201
Ahmedabad International School,ais@aischool.net, +91 79 26871623
"DPS International School, Saket, New Delhi",admissions@dpsiedge.edu.in, +91 8377000164
"RBK International Academy, Chembur, Mumbai",info@rbkia.org, 74000 91646
"Ascend International School, Mumbai",admin@ascendinternational.org, +91 22 7122 2000
"Choithram International, Indore",principal@choithraminternational.org, +91 7312360345
"Calcutta International School, Kolkata",admission@calcuttais.edu.in, +91 98366-52141
"Calorx Olive International School, Ahmedabad",info@cois.edu.in, +91 9099933804
"SVKM JV Parekh International School, Mumbai",svkminternational@gmail.com, 91 22 42333030
"Mahatma Gandhi International School, Ahmedabad",info@mgis.in, +91 7926463888
"Fazlani L’academie Globale, Mazgaon, Mumbai",info@flag.org.in, +91 2223732730
"Fazlani L’academie Globale, Mazgaon, Mumbai",info@flag.org.in, +91 2223732730
"BD Somani International School, Cuffe Parade, Mumbai",secondary@bdsomaniinternationalschool.com, +91 022 22161366
"Utpal Shanghvi Global School, Mumbai",rakhimukherjeeuss@gmail.com, +91 22 2620 4298
"Ryan Global School, Andheri, Mumbai",ryanglobal@in.com, +91 022-26320205
"Rustomjee Cambridge International School, Mumbai",tanya@school.rustomjee.com, 022 2894 2363
"Scottish High International School, Gurgaon",info@scottishigh.com, +91 9953849226
"NES International School, Mumbai",contact@nesism.in, +91 (22) 6641 5555
"Aditya Birla World Academy, Mumbai",admissions@adityabirlaworldacademy.com, +91-22-2352 8400
"Pathways school, Gurgaon",school.gurgaon@pathways.in, 9.11E+11
"Mercedes-Benz International School, Pune",info@mbis.org,
"Pathways School, Noida",school.noida@pathways.in, +91 120 4617000
"Dhirubhai Ambani International School, Mumbai",admissions@da-is.org, 91 22 35637061
"Ecole Mondiale World School, Mumbai",enquiry@ecolemondiale.org, +91 26237196
International School of Hyderabad,ish@ishyd.org, +91 40 30713865
"The Riverside School, Ahmedabad",inquiry@schoolriverside.com, 079 22861321
"Oberoi International School, Mumbai",education@oberoi-is.org, + 91 22 4236 3131
"Candor International School, Bangalore",enquire@candorschool.com, +91 9483299999
Trivandrum International School,tis@trins.org, +91 99470 66646
"Indus International School, Hyderabad",admissions@indusschoolhyd.com, 8417302100
"International School, Aamby, Pune",admissions@isaamby.com, +91 9922626852
"Lancers International School, Gurgaon",admission@lis.ac.in, +91 9999989757
"DRS International School, Hyderabad",info@drsinternational.com, +91 9246178555
"Aga Khan Academy, Hyderabad",admissions.hyderabad@agakhanacademies.org, +91 66291262
"Vidsan Charterhouse, Faridabad",registrations@vidyasanskar.com, +91 9999265555
Bangalore International School,info@bisedu.co.in, +91 95914 68876
"Saint MSG Glorious International School, Sirsa",info@saintmsginternationalschool.com, +91 (1666) 238626
"Singapore International School, Mumbai",admin@sisindia.net, +91 02228285200
"Fravashi International Academy, Nasik",enquiry@fia.edu.in, +91 9673999007
"Stonehill International School, Bangalore",admissions@stonehill.in, +91 8043418300
"Canadian International School, Bangalore",enroll@cisb.org.in, +91 806759 4444
"Stonehill International School, Bangalore",admissions@stonehill.in, +91 8043418300
"UWC Mahindra College, Pune",info@muwci.net, +91 9764442751
"The Cathedral Vidya School, Lonavala",enquiry@cathedral-lonavala.org, +91 9923756950
"The International School, Bangalore",school@tisb.ac.in, 91 80 22634900
"Good Shepherd International School, Ooty",info@gsis.ac.in, +91 423 2550371
"Hebron School, Ooty",principal@hebronooty.org, +91 4232442372
"Indus International School, Pune",admissions@indusschoolpune.com, +91 8390905894
"Indus International School, Bangalore",admissions@indusschool.com, 9886268567
"Pathways World School, Gurgaon",school.gurgaon@pathways.in, 0124 487 2000
Kodaikanal International School,contact@kis.in, 454 2247218
"Woodstock School, Mussoorie, Uttarakhand",communications@woodstock.ac.in, +91 135 2639000
"Greenwood High International, Bangalore",admissions.intl@greenwoodhigh.edu.in, +91 8022010500
"Kimberley The International School, Panchkula",info@kimberley.co.in, +91 8685000222
"MAEER’s MIT Pune’s Vishwashanti Gurukul, Solapur",admissions@mitgurukul.com, 020 39210000
"Ryan International School, Bardoli, Surat",ris.bardoli@ryangroup.org, 2622262639
"Nahar International School, Mumbai",info@nahar-is.org, 2228475511
"Indus World School, Gurgaon",admissions.gurgaon@indusworldschool.com, 9716974808
"Bodhi International School, Jodhpur",principal@bodhijodhpur.com, +91 8290752002
"Sankalp, Chennai",admin.sankalp@gmail.com, +919940493015
"Dare Academy, Munnar",dare.munnar@tatatea.co.in, 4865231453
"Aatman Academy, Thane",info@aatmanacademy.org, +91 98696 87073
Test,a@a.com, 28845454
"Sparsh Special School, New Delhi",info@thesparsh.org, 1127044337
"NES High School, Bhandup, Mumbai",enquiry@nessvb.org, 2225951381
"Mata Bhagwanti Chadha Niketan (MBCN), Noida",info@mbcnschool.in, 9711000843
"Muskaan, New Delhi",info@muskaanthengo.org, 1141761873
"Asha Hai, New Delhi",info@ashahai.com, 011 41035300
"Wisdom High International School, CAIE & Jr College, Nasik",wisdomhigh_international@rediffmail.com, 91 253 2338795
"Nirmala High School, Hyderabad",, 4065572082
"New Digamber Public School, Indore",ndps@ndps.edu.in, 7314219200
"Hill Top School, Jamshedpur",hilltopschool@rediffmail.com, 6572286677
"Vikaasa School, Madurai",info@vikaasa.edu.in, 4526462255
"Narbheram Hansraj English School, Jamshedpur",principal@nhes.ac.in, 6572249796
"Delhi Public School, Abohar",info@dps.edu.in, 8568044444
"Carmel High School, Bengaluru",carmelit1968@gmail.com, 918023227015
"City Montessori Inter College, Rajajipuram",rajajipuram1@cmseducation.org, 5222414737
"South City International School, Kolkata",info@scis.co.in, 9.10E+12
"Carmel Junior College, Sonari, Jamshedpur",cjuniorcollege@gmail.com, 9.17E+11
"The Ardee World School, Bardez (Goa)",contactusgoa@theardeeworldschool.com, 91 85528 44566
"The Ardee World School, Gurgaon",contactusgurgaon@theardeeworldschool.com, 18001027333
"Julien Day School, Ganganagar, Kolkata",jds_gan@yahoo.com, 3365010851
"Euro School, Airoli, Navi Mumbai",airoli@euroschoolindia.com, 9.19E+11
"DG Khetan Inernational School, Malad, Mumbai",khetaninternational@rediffmail.com, 2228785360
"Gokuldham High School & Jr College, Goregaon",gokuldhamschool@gaet.edu.in, 7.19E+11
"Navy Children School, Dabolim",office@ncsgoa.com, 8322582742
"Pawar Public School, Bhandup, Mumbai",feedback@ppsbhandup.com, 2221663030
"Lilavatibai Podar High School, Santacruz, Mumbai",fernandesnorina.icse@podar.org, 67111111
"Tridha, Andheri (E), Mumbai",tridha@hotmail.com,
"Auxilium Convent School, Bandel, Kolkata",, 3326312460
"Loreto Convent Intermediate College, Lucknow",contact@lucknowloreto.com, 5222237222
"Don Bosco High School, Dombivali (W), Thane",dbhskalyan@gmail.com, 2512202027
Angels Babyland Matriculation Hr. Sec. School,, 9.14E+11
"The Aryan School, Dehradun",aryan@thearyanschool.com, 919837623510
"De Paul International Residential School, Mysore",aneeshdpirs@gmail.com, 91 8212972401
"Father LeBlond School, Siliguri",enquiry@leblond.in, 9.18E+11
"Montfort Anglo Indian Higher Secondary School, Yercaud",principal@montfortyercaud.com, 914281222428
"BGIS, Vrindavan",info@bgis.org, 5652540206
"Auckland House School, Shimla",auck65@gmail.com, 1772807060
"Grace Matriculation School, Chennai",graceschool82@gmail.com, 914425500224
"Genius Public School, New Delhi",, 0
"Edubridge International School, Mumbai",info@edubridgeschool.org, 9619128181
"CP Goenka International School, Juhu, Mumbai",info@cpgoenkajuhu.com, 912261286900
"Hindustan International School, Chennai",info@hindustanschools.in, 914422342020
"Velammal Global School, Chennai",vgsm.info@velammalglobal.edu.in, 4427479030
"Grace Model High School, Hyderabad",, 9346494517
"Nandini Public School, Bengaluru",, 8023495363
"Milton Nursery & Primary School, Chennai",, 4424723138
"New Blossoms Education Society, Bangalore",, 8028371264
"Pioneer Public School, New Delhi",,
"Pragathi Vidyalaya, Hyderabad",, 9.14E+11
"St. Moses Matriculation School, Chennai",St.Mosesmetric@gmail.com, 4426710054
"Sunrise Public School, Bangalore",, 8028365839
International School Aamby,admissions@isaamby.com, 2039102500
ABSS School,abss@gmail.com, 9874563210
Walsingham House School,admin@walsinghamschool.org, 2223625191
Happy Model School,happymodeljp@yahoo.com, 1125505865
"Shanti Asiatic School, Jaipur",info@jaipur.shantiasiatic.com, 1415158888
RIDGE SCHOOL,principal@ridgeschools.org, 7799660088
"Mercy Memorial School, Kanpur",, 5122611781
"St Mary’s High School, Mira Road, Thane",smhsmira@gmail.com, 2228455080
"St. Xaviers School, Dhamtari",, 7722235280
"St. Xavier’s High School, Durg",sxhsicsedurg@gmail.com, 7886450577
"Universal High School, Dahisar East, Mumbai",info.dahisar@universal.edu.in, 2228977293
Swaraj India Public School,, 5122500309
PG Garodia School,school@pggarodia.org, 2225063157
"Ryan International School, Nerul, Mumbai",ryannerul10@gmail.com, 2227719687
"Cambridge School, Kandivali (East), Mumbai",cambridgeschkandivli@gmail.com, 2228541864
Escorts World School,info@escortsworldschool.com, 5122077799
Jawahar Vidya Mandir,jvmshyamali@yahoo.com, 6512411221
"Vibgyor High School, Hadapsar, Pune",helpdesk.vh10207@vibgyorhigh.com, 2069000500
"Ashoka Universal School, Nashik",principal@ausindia.org, 9922992293
"The Universal School, Ghatkopar (East), Mumbai",info.ghatkopar@universal.edu.in, 2266900000
"Presidency School, Nandini Layout",principal.nlo@gmail.com, 8023493291
Alpha Cambridge International School,info.igcse@alphaeducation.edu.in, 4312457308
J H Tarapore School,jhts@sify.com, 6572220420
DBMS English School,, 6572305367
Niraj Public School,info@nirajpublicschool.com, 4023413543
Alpine,alpine@apline.com, 13111313131
"Podar International School, Navi Mumbai",admin.nerul@podar.org, 2227727742
"Somerville School, Noida",ssn@somervillenoida.in, 1202415050
Enrolment Desk,, 8099552233
"Future Kids, Hyderabad",futurekids@fkshyderabad.com, 4032519742
"Zydus School for Excellence, Vejalpur",zydusschool@hotmail.com, 7926826799
Victorious Kidss Educares,reachonline@victoriouskidsseducares.org, 9595853322
"Contai Public School, Purba, Medinipur",cps953@gmail.com, 3220258953
Bidya Bharati Girls’ High School,info@bidyabharatighs.in, 3323960429
Victorious Kidss Educares,reachonline@victoriouskidsseducares.org, 9595853322
"MA Ideal High School, Kishan Bagh, Hyderabad",info@maidealschool.com, 4024460314
Angels Baby Land Matriculation School,, 4425923037
"St. Theresa Convent School, Mumbai",tereznboyz@gmail.com, 2226402273
"Ashwini Public School, Bangalore",, 8028377122
The Gateway School of Mumbai,info@gatewayschoolmumbai.org, 2225563613
Little Flower Matriculation Hr. Sec. School,, 4424781527
Dilkhush Special School,info@dilkhush.org, 2226151304
"Jai Vakeel School, Mumbai",jvstrsy@gmail.com, 2224701231
KulachiHansraj Manovikas Kendra,khmsav3@gmail.com, 1127143364
Bethany Special School,info@bethanyinstitutions.edu.in, 8025634902
Alpha to Omega,atolcsrikrishna@gmail.com, 4426443090
The Aditya Birla Integrated School,info@tabis.in, +91 22 2206 1451
Tamana Autism Centre – School of Hope,schoolofhope@tamana.org, 1126143843
SPJ Sadhana School,spjsadhana@gmail.com, 2223517913
Asha Kiran Special Needs School,ashakirantrust@gmail.com, 8025315597
AmarJyoti Research & Rehabilitation Centre,amarjoti@del2.vsnl.net.in, 1122375205
Academy for Severe Handicaps and Autism,info@ashaforautism.com, 8023225279
"Gowtham Model School, Ameerpet",ameerpet@gowtham.org, 4064637040
"Gowtham Model School, AS Rao Nagar",info@gowthammodelschools.com, 4066382516
"Gowtham Model School, Hyder Shah Kote",info@gowthammodelschools.com, 4064573123
"Gowtham Model School, Secunderabad",info@gowthammodelschools.com, 4066332144
Rustomjee International School & Junior College,, +912228942363
Global Wings International School,globalwingsschool@gmail.com, 4023734015
"Genius Grammar School, Kothapet",, 4065161199
Ramadevi Public School,, 4032946671
Boston Mission High School,bostonschool1986hyd@yahoo.com, 9246362299
Arca Education Society,, 9989124092
Blue Moon High School,bluemoonhighschool@yahoo.com, 9492425990
"APM School, Hyderabad",apmschoolhyd@gmail.com, 4064537405
Bless Educational Society,, 8125332998
Aakruthi High School,aakruthischool@gmail.com, 8885522025
SaS Billabong High School,sas@mahim.billabong.org, 2224466547
JB Vacha High School For Girls,jbvachha@hotmail.com, 2224129595
ABM Public Senior Secondary School,infoabmschool@gmail.com, 1292202500
Boys’ Secondary School,abss@gmail.com, 321224658
Apostolic Carmel High School & Junior College,info@apostoliccarmelbandra.com, 2226428028
Chinmaya Vidyalaya,director@chinmayavidyalayanauni.com, 9816003773
Chinmaya Vidyalaya,director@chinmayavidyalayanauni.com, 9816003773
Modern AP Convent School,, 9810355040
"Dr. Pillai Global Academy, Gorai",dpga@mes.ac.in, 2228684464
Aakash International School,aakashschool01@gmail.com, 9466469433
Rockford Convent High School,rockfordconvent@yahoo.co.in, 1246453227
"The Banyan Tree World School, Gurgaon",info.btws@gmail.com, 1246675755
Bal Bari Public School,bbps_k@rediffmail.com, 1232244723
"SDA Senior Secondary School, Ghaziabad",sdaup030@yahoo.com, 1222305740
"Mount Carmel School, Ghaziabad",mountcarmelschoolmuradnagar@gmail.com, 1232226445
"Fatima Convent School, Ghaziabad",, 1202871847
"Vibgyor High School, Hennur",helpdesk.vh15301@vibgyorhigh.com, 8022723001
"Vibgyor High, Borivali West",helpdesk.vh10112@vibgyorhigh.com, 2265650593
Velammal Global School,velammalglobalschool@gmail.com, 4427479030
"Konark Public School, Ghaziabad",contact@kpssahibabad.com, 1202892579
"Modern Academy, Ghaziabad",admin@modernacademyindirapuram.org, 1202606998
Alliance World School,allianceworldschool2014@gmail.com, 1202589073
"Nutan Vidhya Vihar, Vadodara",, 2652394376
"St. Joseph’s Convent School, Raigad",sjclodhivali@gmail.com, 2192255654
CPS Global School,info@cpsglobalschool.com, 9940651077
Manipal School,mangalore@manipalk12education.com, 8244252307
"St. Thomas High School, Mumbai",sthsdahisar@gmail.com, 2228961089
"Florence Public School, Bengaluru",principalfps@yahoo.co.in, 8023333938
"St Joseph’s High School & Jr College, Kalamboli",josephkalamboli@yahoo.co.in, 2227422973
"South Point School, Kolkata",spes@southpoint.org.in, 3324406208
"St Xavier’s High School, Mira Road, Thane",, 2228127061
Jankidevi Public School,info@jankidevipublicschool-m.com, 2226334756
The New Cambridge English School,info@cambridgeschool.com, 8023301578
Carmel High School,info@carmeledu.com, 8023227015
"St Vincent Pallotti School, Bengaluru",svp.school43@yahoo.com, 8025603768
"St Theresa’s School, Mangalore",stsbm@yahoo.co.in, 8242214278
"The Scholar School, Mumbai",thescholarhighschool@yahoo.co.in, 2222047987
"Greenlawns School, Warden Road",, 2223671408
"Frank Anthony Public School, New Delhi",, 1126435996
"City International School, Andheri",contact@cityinternationalschool.edu.in, 2226390692
"Billabong High International School, Bhopal",principal@bhopal.billabonghigh.org, 7552696799
"City Montessori School, Aliganj Campus I",aliganj1@cmseducation.org, 5222326882
"Ann Mary School, Dehradun",annmary@sancharnet.in, 1352762923
"St Lawrence High School (SLHS), Kandivali East",stlawrencekandivli@gmail.com, 2228543094
"Wisdom High International School, Nashik",wisdomhigh_international@rediffmail.com, 2532338795
"Activity High School, Mumbai",info@activityhighschool.com, 2223517909
Hutchings High School,, 2026352764
"St Thomas School, Ranchi",principal@stthomasschoolranchi.com, 6512408649
VMJ Higher Secondary School,office@vmjschool.org, 4522311748
Vidya Valley School,info@vidyavalley.com, 2065339984
"Littler Flower Convent School, Panchkula",, 1722574527
"Pawar Public School, Pune",info@ppspune.com, 9272212290
"Beacon High, Mumbai",beaconhigh580@gmail.com, 2226007716
"St. Patrick’s Academy, Ernakulam",spabeacon@gmail.com, 4842690878
"Goldcrest High, Vashi, Navi Mumbai",response.vashi@goldcresthigh.com, 2227892261
"Holy Angels School, Ghaziabad",principal@holyangelssbd.org, 1202631845
"Seth Anandram Jaipuria School, Kanpur",sajsknp@rediffmail.com; kanpurjaipuria@gmail.com, 0512-2380146 / 0512-2381619
"St. Agnes Loreto Day School, Lucknow",contact@stagnesloretolko.com, 5223292272
Sudhir,, 9711188700
"Billabong High International School, Vadodara",info.baroda@billabonghigh.com, 2652630800
The Lucknow Public Collegiate,lpc_jprd@hotmail.com, 5222207745
Sri Sri Academy,info@ssa.org.in, 3324569090
Pine Mount School,principalpinemountschool@gmail.com, 3642223039
"Our Lady Queen of Missions School, Kolkata",, 3322908196
"St. Patrick’s Junior College, Agra",contact@stpatricksjrcollege.org, 5622520107
"Mosaica International School, Hyderabad",dsmith2@mosaicaeducation.com, 4049101699
"Mar Thoma Residential School, Tiruvalla",, 4692701298
"Baldwin Girls’ School, Bengaluru",contact@baldwingirls.org, 22211743
"Mainadevi Bajaj International School, Mumbai",admissions@mbis.org.in, 2266812312
"Billabong High International School, JVPD, Mumbai",info@billabongjuhu.com, 2261286900
"Dr. Graham’s Homes, Kalimpong",chiefexecdgh@sify.com, 3552274632
"BAPS Swaminarayan Vidyamandir, Vadodara, Gujarat",swamivmatladara@yahoo.co.in, 2652680162
Maa Anandmayee Memorial School,mamsraiwala@gmail.com, 1352190403
Dehra Dun Hills Academy,mailddha@gmail.com, 2687009
"St. Lawrence High School, Kolkata",stlawrence1937@gmail.com, 3324751959
Barnes School & Junior College,administrator@barnesschool.in, 2532497194
"Seventh Day Adventist School, Navsari",sdanavsari@gmail.com, 2637283445
"Anand Niketan, Thaltej, Ahmedabad",anthaltej@anandniketan.org, 7926850051
SN Kansagra School,uma.anavaratham@tges.org, 2812588391
Metas MCD School of Seventh Day Adventists,jeremiahms@rediffmail.com, 2612667591
"GVHS School for Girls, Nadakavvu, Kozhikode",gvhss13@gmail.com, 4952369933
"Jadavpur Vidyapith, Kolkata",jvnp2010@gmail.com, 3324146130
"Rajkiya Pratibha Vikas Vidyalaya, Shalimar Bagh",rpvv1309124@gmail.com, 1127483136
"Timpany School, Vishakapatnam",timpanyschools@gmail.com, 8912755887
Hill Range High School,principal@hillrange.org, 2168250021
"St. Joseph’s Girls’ High School, Vishakapatnam",st.joseph.school.india@gmail.com, 8912558279
St. John’s Parish School,stjohnsparishschool@hotmail.com, 82762561334
St. Aloysius High School,staloysius045@gmail.com, 8912562837
Jnanasarovara International Residential School,info@jirsm.com, 8212479814
"Siva Sivani Public School, Secunderabad",contact@sivasivanipublicschools.org, 8418248343
"Sherwood Public School, Secunderabad",, 4064512584
"Carmel Public School, Raipur",, 7721237459
"MSB Educational Institute, Raipur",fatemaraipur@gmail.com, 7712233986
"Prakash Vidyalaya, Dantewada",principalpvbacheli@rediffmail.com, 7857255166
"Nirmal Niketan School, Dantewada",nnskarli@gmail.com, 7856202353
Guru Nanak Fifth Centenary School,info@gnfcssociety.com, 1352632690
"Sacred Heart High School, Raipur",sacredheartsbb@yahoo.co.in, 7727222190
"Calorx Public School, Jaipur",cpsJaipur@calorx.org, 9649854220
"St. Ann’s High School, Secunderabad",annssc@yahoo.co.in, 4027801854
"Don Bosco Academy, Digha Ghat",, 6122560212
Sri Sathya Sai Gurukulam,srisathyasaigurukulam@yahoo.com, 8832430989
"Don Bosco School, Khonsa",dbskhonsa@gmail.com, 3786223160
"Chavara Higher Secondary School, Kondagoan",school.chavara@gmail.com, 7786242461
Rajkumar College,info@rajkumarcollege.com, 7714701051
"Carmel School, Bhagalpur",, 6412400323
Salem English School,salemenglishschool@sesraipur.com, 7712234249
"St. Xavier’s High School, Raipur",sxhsicseraipur@gmail.com, 7712442582
"Beacon English School, Chhattisgarh",, 7759221939
"Deepti Convent School, Bastar",, 7782229475
"Carmel Convent Senior Secondary, Raigarh",carmelraigarh@gmail.com, 7762232210
Mount Assisi School,enquiry@mountassisi.co.in, 64124511043
Vijayavani Residential School,vijayavaniresidentialschool@yahoo.in, 8581256237
"Loyola Public School, Guntur",, 8632290268
"North Point Children’s School, Muzaffarpur",, 6212270275
"St. Joseph’s Convent High School, Bankipore",cjpatna@rediffmail.com, 6122560267
Paramjyoti Public School,ppschool1985@gmail.com, 8856230155
"St. Martin’s High School, Ferozguda",contact@stmartinshighschool.com, 4023774208
"Don Bosco School, Nalbari",donboscoschoolsashipur@yahoo.com, 3624284390
Sanskriti The Gurukul,sanskritithegurukul@hotmail.com, 91 361 227 0060
"Carmel School, Jorhat",carmel_jorhat@sancharnet.in, 3762360355
"Vasishta School, Madanapalle",vasishtaicse@gmail.com, 8571230227
"St. Francis High School, Machilipatnam",, 8672250742
Simhapuri Public School,simhapuripublicschoolicse@gmail.com, 9391088905
"St. Ann’s Convent School, Srikakulam",, 8946255345
"SDA Higher Secondary School, Nuzvid",sdaschool_nuzvid@yahoo.com, 8656232302
Flaiz Memorial Higher Secondary School of SDA,flaizcollege@yahoo.com, 8814273905
Ongole Public School,contact@ongolepublicschool.com, 8592233284
"St. Lawrence High School, Mumbai",lawrenceborivli@gmail.com, 2228955060
Gitanjali Primary School,admin@gitanjalischools.com, 4027768420
"Varin International School, Tumkur",pr@virstumkur.in, 8162246400
"Universal School, Tardeo, Mumbai",ust@universal.edu.in, 2239354444
"St. Xavier’s High School, Goregaon East",, 2228401539
"Sat Paul Mittal School, Ludhiana",spmschool2004@satpaulmittalschool.org, +91 1612522477
"Vibgyor High, Magarpatta City",helpdesk.vh10207@vibgyorhigh.com, 8655563951
Best international schools in gurgaon,admissions@dpsiedge.edu.in, 8377000164
"Sri Lakshmi High School, NR Pet",, 8518220825
"Sri Lakshmi High School, Kurnool",, 8518250204
"Hansraj Morarji Public School, Mumbai",school@hansrajeducation.org, 2226707991
"Sheiling House School, Kanpur",info@shskanpur.org, 5122255041
"St. Mary’s Convent School High School, Mumbai",, 2225680920
"Vicon School, Raipur",pr@viconschool.com, 9630002100
"St. Paul’s English School, Bangalore",spes.jpn83@yahoo.com, 8026582710
"St. Joseph Public School, Pattanakad",ppublicschool@gmail.com, 4782594439
"Sacred Heart High School, Prabhadevi",, 2224932651
Chavara International School,chavaraamanakara@gmail.com, 4822260426
"Holy Family School, Chembur (West), Mumbai",hfhs1972@yahoo.com, 25257294
"NASR Boys, Hyderabad",nasrschoolboys@rediffmail.com, 4055691518
Madras Christian College Higher Secondary School,mcchshm@yahoo.co.in, 4428365205
"Innisfree House School, Bangalore",innisfree@hotmail.com, 8026597110
"Adamas International School, Kolkata",adamas@riceindia.org, 9830444749
"East West School, Bangalore",eastwestschool@yahoo.com, 8023321270
"Dr. Virendra Swarup Education Centre, Kidwai Nagar",contact@vsec.in, 5122641352
"The Chintels School, Kanpur",chintels@rediffmail.com, 5122280714
"Thakur International School, Kandivali (W)",tis@thakureducation.org, 2228020000
"Ida Scudder School, Vellore",idascudder@gmail.com, 4162242404
"Garden High School, Kolkata",info@gardenhighschool.org, 3324413805
"Sacred Heart Boys High School, Santacruz (W), Mumbai",, 2226481912
Christ Nagar Higher Secondary School,cnhsstvm@gmail.com, 4712318485
"Hari Sri Vidya Nidhi School, Thrissur",harisrividyanidhischool@yahoo.com, 4872380258
"Chaman Vatika School, Ambala",info@chamanvatikaschool.in, 911712541249
"Sahyadri School, Pune",sahyadrischool@gmail.com, 2135306100
"New Horizon Public School, Bangalore",admissions@newhorizonindia.edu, 8025261735
"St Thomas School, Kanpur",info@stthomasknp.com, 5122602348
"City Montessori School, Rajendra Nagar, Lucknow",rajendranagar1@cmseducation.org, 5222692830
"St. Mary’s Convent Inter College, Lucknow",contact@smccjlko.org, 5222450530
"Julien Day School, Kalyani",kalyani@juliendayschool.com, 3325829621
"The Future Foundation School, Kolkata",, +91 3324712612
"Presidency School, RT Nagar, Bangalore",presidencyrtnagar@yahoo.co.in, 8023337689
"Modern English Academy, Barrackpore",principal@meacademy.org.in, 3325452102
"Little Flower School, Gorakhpur",info@lfsgorakhpur.in, 5512504941
"Kuriakose Elias School, Kottayam",kescom@rediffmail.com, 4812597180
"Sachdevaa Public School, Rohini",info@spsrohini.com, 1127566176
"Bombay Scottish School, Powai",powai@bombayscottish.in, 2228573205
"Dr. Sarvepalli Radhakrishnan Vidyalaya,",dsrv_m@bcgschools.org, 2228747058
St. Francis D’Assisi High School & Junior College,office@sfdassisi.com, +91 2228930670
"St. Francis Xavier Girls High School, Bangalore",, 8025368222
"Little flower School, Jamshedpur",littleflower_10@sify.com, 6572280652
Clarence High School,clarence@bgl.vsnl.net.in, 8025470868
Chrysalis High – Whitefield Kadugodi Road,info.kadugodi@chrysalishigh.com, 9535233040
Chrysalis High – Yelahanka Newtown,info.yelahanka@chrysalishigh.com, 7259381402
"Chrysalis High – Marathahalli, Sarjapur Road",info.omwr@chrysalishigh.com, 8861063812
"Queen Mary School, Mumbai",queenmaryschool@gmail.com, 2223875700
"MC Kejriwal Vidyapeeth, Howrah",info@mckv.edu.in, 3326543326
"Amber Valley Residential School, Chikmagalur",principal@ambervalleyschool.org, 8262224633
"Summer Valley School, Dehradun",summervalleyschool@gmail.com, 1352673383
Jasudben ML School,jml@bom5.vsnl.net.in, 2226496162
Redbricks School – Santej Campus,info@redbrickseducation.org, 7926925625
"Abhyasa International Residential School, Toopran",abhyasaschool@yahoo.com, 8454235718
"Don Bosco School, Siliguri",frjosesdb@hotmail.com, 3532542947
Vivekananda Mission School,vivtech@giascl01.vsnl.net.in, 3324671010
"Lodha World School, Thane",contact_thane@lodhaworldschool.com, 2225440066
"Ashok Hall Girls Residential School, Ranikhet",p.arghs@ashokhall.net, 5966240438
Lakshmi School,lakshmischool@tvslvs.com, +91 4522429142
Amar Jyoti Saraswati International School,enquiries@theasis.org, 2782566711
"Don Bosco High & Technical School, Liluah, Howrah",assistantprincipal@donboscoliluah.org, 3326553553
St. Paul’s High School,info@stpaulshyd.edu.in, 4023222092
"St. Joseph’s Convent, Patna",sjc@sify.com, 6122560267
"St. Peter’s School, Mumbai",stpeters@vsnl.com, 2223782888
Manovikas English Medium School,school@manovikas.in, 8322759940
The Shriram Millennium School,info.noida@tsms.edu.in, +91 9999176666
"International Sahaja Public School, Dharamsala",ispsoffice@gmail.com, 1892221766
"Shishuvan School, Matunga",info@shishuvan.com, +91 2224044063
Udayachal High School,, +91 2267963576
"Sarvodaya Vidyalaya, Thiruvananthapuram",sarvodayavidyalaya1973@gmail.com, 4712530831
"Bethany High School, Bangalore",school@bethanyhigh.net, 8025532189
"St. Paul’s School, Agartala",, 3812230232
"St Augustine’s High School, Navi Mumbai",, 2227702770
"Sacred Heart School, Navi Mumbai",, 2227821321
St. George’s Girls Grammar School,, 4023232213
"Ryan International School, Kharghar",ris_kharghar@yahoo.com, 2265161799
"Sacred Heart Girls High School, Bangalore",shghs_blr@yahoo.in, 8022211237
"Sacred Heart School, Kalyan",, 2512280559
"Sophia High School, Bangalore",enquiries@sophiahighschool.com, 8022266825
"St. Germain High School, Bangalore",, 8025511353
"Somalwar High School, Ramdaspeth, Nagpur",ramdaspeth@somalwareducationsociety.com, 7122524650
Johnson Grammar School,jgschoolicse@yahoo.com, +91 4027150555
Holy Angels Matriculation Higher Secondary School,, 4432211233
The Frank Anthony Public School,fapscompclub@gmail.com, 8025570970
The Ashram,ashramtassc05@yahoo.in, 4422355329
Rosary Convent High School,rosaryconventschool@yahoo.co.in, 23241387
"Auxilium Convent High School, Wadala",, 2224112727
"The Assembly of God Church School, Kolkata",mail@agschool.in, 3322292723
"Auxilium Convent, Bandel",, 3326312460
"SBOA Public School, Navi Mumbai",, 2227716879
"South Point School, Nagpur",southpointonb@rediffmail.com, 7122703261
"Billabong High International School, Thane",info@billabongthane.com, 2243407100
"St. Joseph’s Higher Secondary School, Trivandrum",stjosephshsstvpm@gmail.com, +91 472471720
St. Gregorios High School,stghchembur@gmail.com, 2225203790
Good Shepherd Convent Matriculation School,, 4428276729
"Arya Vidya Mandir, Bandra West",avm@avmschools.ac.in, 2266923600
Calcutta Girls High School,principal@cghschool.org, 3322151540
"New Era School, Breach Candy, Mumbai",newera_school@rediffmail.com, 2223806623
Avalon Heights International School,info@avalonheights.org, 2265159977
Lourdes Public School and Junior College,lourdespublicschool@gmail.com, 4812580010
"Convent of Jesus and Mary, Dehradun",contact@cjmdehradun.in, 1352651390
"All Saints High School, Pune",, 2025813969
Brightlands School,brightlandsschool@gmail.com, 911352656157
"Sacred Heart Matriculation High School, Churchpark",principal@sacredheartchurchpark.com, 4428352118
"Don Bosco Matriculation School, Egmore",principal.dbegmore@gmail.com, 4428191274
HVB Academy,info@hvbacademy.com, 2261436000
"Arya Vidya Mandir, Juhu, Mumbai",, 2266993700
"Our lady of Perpetual Succor High School (OLPS), Chembur, Mumbai",, 2225212396
Our Lady of Good Counsel High School,principal@olgchighschool.com, 2224076273
"Bombay Cambridge School, Andheri (E)",info@bcseast.org, +91 2228210309
"Baldwin Boys’ High School, Bangalore",principal@baldwinboyshighschool.com, 802211981
"Loreto Convent School, Darjeeling",loretodarjeeling@gmail.com, 3542255739
N. L. Dalmia High School,info.school@nldalmia.co.in, 242990000
"Burn Hall School, Srinagar",info@bhssrinagar.com, 9142500695
"Salt Lake School, Kolkata",saltlakeschool@yahoo.com, 3323371477
"Don Bosco School, Park Circus, Kolkata",dbkolkata@gmail.com, 91 33 2287 0414
"St. Kabir Public School, Chandigarh",contact@stkabir.co.in, 1722791459
"Shree Swaminarayan Gurukul, Bangalore",bangalore@gurukulworld.org, 8028437261
"Bhavans Vidyalaya, Chandigarh",bvb_chd@yahoo.com, 1722656955
"Loreto Convent High School, Lucknow",lucknowloretocollege@yahoo.com, 5222237222
"St. Joseph High School, Pashan Road",cjmpashan@yahoo.co.in, 2025655505
Atul Vidyalaya,atul_vidya@yahoo.com, 2632233317
"All Saints High School, Hyderabad",ashs@allsaintshyd.edu.in, 4023235153
"St. Stanislaus High School, Mumbai",principal@stanislausbandra.in, 91 22 26430386
Abhinav Vidyalay High School,cslatkar@asm.ac.in, 2025442812
"St. Stephens School, Chandigarh",stephenschd@sify.com, 1722664547
Holy Family High School,feedbackhfhs@gmail.com, 2226873702
"La Martiniere College, Lucknow",college@lamartinierelucknow.org, 5222235415
"International School of Scholars, Nagpur",principal@isosindia.org, 8087191795
Vimaltai Tidke Convent,vtc@vtconvent.com, 7122239259
"Alpha School, Sembakkam, Chennai",school@alphagroup.edu, 4422270632
M P Birla Foundation Higher Secondary School,mpbfhsc@vsnl.net, 9103324070000
Mater Dei Institution,materdeiedtnl@yahoo.co.in, 00918322278381
Nalanda International School,info@nalandaschool.org, 912656533855
Christ Church School,ccs.principal@gmail.com, 2223099892
"Don Bosco High School, Panjim",principal@dbhspgoa.edu.in, 8322221986
CNM School,cnmschool@gmail.com, 2242333000
Pawar Public School,feedback@ppsbhandup.com, 2221663030
"Don Bosco School, Bandel",dbb@cal3.vsnl.net.in, 3326312437
"Akshar School, Kolkata",aksharschool@vsnl.net, 3324492810
St. Helena’s School,info@sthelenas.in, 2026124384
"Shishu Griha, Bangalore",yeschool@shishugriha.in, 8025213940
Holy Child School,, 1202796839
"Hiranandani Foundation School, Powai",hifopowai@hiranandanischools.edu.in, +91 2225704884
Mahindra Academy,mahindra.academy@gmail.com, 2228778376
"St. Joseph’s Boys High School, Bangalore",info@sjbhsbangalore.in, 8022214416
"Loreto Convent School, Chembur",info@loretoconventschool.org, 2225536680
Maneckji Cooper Education Trust School,maneckjicooper_et@rediffmail.com, 2226604312
"Loreto Convent School, Shillong",loretomeg@yahoo.com, 3642225559
"Ryan International School, Whitefield",risicsekundbangalore@gmail.com, 8028476963
Vidyaranya High School,vidyaranya.hs@gmail.com, +91 4023235146
"Assam Rifles Public School, Shillong",, 3852427222
"Pallikoodam School, Kottayam",pallikoodam@yahoo.com, 4812578123
Dr. S. Radhakrishnan Vidyalaya,dsrv_m@bcgschools.org, 2228747058
Seth M. R. Jaipuria School,principal@jaipuria.com, 5222301301
J.B. Petit High School for Girls,contact.jbpetit@gmail.com, 2222042617
Swami Vivekanand High School,binagole@hotmail.com, 2225221360
"The Heritage School, Kolkata",admin@theheritageschool.org, +91 9830022250
Sacred Heart Convent School,jsrshs@yahoo.co.in, 2431478
Pailan World School,frontoffice@pailanworldschool.com, 3324978556
Rajagiri Public School,rajagirips@gmail.com, 4844111202
Sreenidhi International School,info@sis.edu.in, 9912244409
Sharada Mandir,adm@sharadamandirschool.org, 8322463401
"St. Mary’s School, Pune",, 2026356282
"Little Flower High School, Hyderabad",lfhshyderabad@yahoo.co.in, 4023202675
"Loyola School, Jamshedpur",info@loyola.edu.in, 6572231795
Lady Andal VSR School,lady_andal@yahoo.co.in, 4428363404
"Hiranandani Foundation School, Thane",hiranandanischoolthane@gmail.com, 2225867300
"La Martiniere for Girls, Kolkata",lmgkolkata@gmail.com, 3322815060
La Martiniere Girls’ College,lmgclko@gmail.com, 5223265624
"The Shri Ram School, Aravali",senior.aravali@tsrs.org, 1244784300
"Loyola High School, Pune",info@loyolahighschoolpune.org, 2025656699
"La Martiniere for Boys, Kolkata",lamartiniereboys@gmail.com, 3333544012
Gundecha Education Academy,info@gundechaedu.org, 2266776768
Villa Theresa High School,info@vtsmumbai.org, 912223879817
Strawberry Fields World School,sfws26@gmail.com, 1722795903
Father Agnel Multipurpose School,agnelsnm@yahoo.com, 2241612000
"Vibgyor High, NIBM Road",helpdesk.pune20@vibgyorhigh.com, 2026946000
Ryan International School Goregaon,risgoregaon@gmail.com, 2228411862
"VIBGYOR High School, Balewadi",helpdesk.pune21@vibgyorhigh.com, 2065000361
"VIBGYOR High, Malad East",helpdesk.mumbai11@vibgyorhigh.com, 2239236060
"Ebenezer International School, Bangalore",ajaykumar@eisbangalore.com, 8027848222
"Tashi Namgyal Academy, Gangtok",tna_academy@rediffmail.com, 3592202527
"VIBGYOR High, Kadugodi",helpdesk.bengaluru47@vibgyorhigh.com, 8033743300
"Don Bosco High School, Matunga, Mumbai",office@donboscomatunga.com, 91 22 24145228
City Montessori School,gomtinagar1@cmseducation.org, 5222394740
Mirambika School,mirambikara81@gmail.com, +91 1126863741
Lilavatibai Podar Senior Secondary School,lphsicse@gmail.com, 2267111111
"The Blue Mountains School, Ooty",contact@bluemountainsschool.org, 423244837
"Wynberg Allen School, Mussoorie",principal@wynbergallen.com, 1352630568
"VIBGYOR High, Horamavu",helpdesk.bengaluru43@vibgyorhigh.com, 8033206100
"VIBGYOR High, Haralur Road",helpdesk.bengaluru41@vibgyorhigh.com, 8040968427
"Himali Boarding School, Kurseong",info@himalischool.org, 3542332376
Vibgyor High Group of Schools,careers@vibgyorhigh.com, 2239577070
"Delhi Public School, Ahmedabad",dpsbopal@calorx.org, 2717230521
Bloom Public School,information@bloompublicschool.com, 1126897972
Eklavya School,eklavya@eklavya.org, +91 7926461629
Loreto House,info@loretoschool.com, 3322293564
Modern School,, 1126144388
Oasis International School,info@oasisintschool.org, 8041253104
India First Foundation School,info@iffschool.in, 2241842929
Hansraj Model School,info@hansrajmodelschool.org, 1145950011
Glendale Academy,info@glendaleacademy.net, +91 4064611937
"VIBGYOR High, Marathahalli",helpdesk.bengaluru40@vibgyorhigh.com, 8042777000
Vissanji Academy,info@vissanjiacademy.com, 2266992003
Apeejay School Faridabad,skool.ms.fbd@apj.edu, 9.51E+11
Abacus Montessori School,abacusmontessorischool@gmail.com, +91 44 24960904
"Apeejay School, Pitampura",skool.pp.del@apj.edu, 1127022140
"Bishop Cottons Boys School, Bangalore",contact.us@cottonboys.com, 8022213608
"The Sanskaar Valley School, Bhopal",principal@sanskaarvalley.org, 7553255346
SBOA School and Junior College,sboajc@gmail.com, 4426151145
"Sarala Birla Academy, Bangalore",s.das@saralabirlaacademy.org, 8041348200
"Bishop Cottons Girls School, Bangalore",bcgs@bishopcottongirls.com, 8022210268
Mount Hermon School,george12@sancharnet.in, 3542270255
"Goethals Memorial School, Kurseong",goethalsmemorial@gmail.com, 9232704568
"Coorg Public School, Kodagu",cops@bsnl.in, 8274247011
"St. Thomas Residential School, Thiruvananthapuram",strs@stthomastvm.edu.in, 7312719000
"Shigally Hill International Academy, Dehradun",shigally@gmail.com, 1352108048
"Pathways World School, Aravali, Gurgaon",admissions.aravali@pathways.in, 1242318888
"RiverDale International Residential School, Pune",admission@rispune.com, 2032940442
"Ajmera Global School, Mumbai",info@ags.org.in, 2232401053
"Shikshantar School, Gurugram",office@shikshantarschool.com, +91 1244889100
"St. James School, Entally, Kolkata",jacobean@cal3.vsnl.net.in, 913322441545
"Delhi Public School, Faridabad",dpsfbd@vsnl.com, 1292280522
"GD Somani Memorial School, Mumbai",info@gdsomani.org, 912222187102
"Excelsior American School, Gurugram",info@excelsioreducation.org, 911244049342
"Vidyashilp Academy, Jakkur, Bangalore",school.info@vidyashilp.com, +91 9739801824
"Inventure Academy, Sarjapur Road, Bengaluru",admissions@inventureacademy.com, +91 8027822102
"GD Goenka World School, Sohna Road, Gurugram",admissions@gdgoenka.com, 1243315900
Jamnabai Narsee School,contactus@jns.ac.in, +91 2226187575
"St. Joseph’s School, North Point, Darjeeling",santymp@yahoo.com, 3542259153
Modern High School,dkar@mhsforgirls.edu.in, 22875326
"St. George’s College, Mussoorie",manorhouse@sgconline.in, 13526325691
Mussoorie International School,misadmissions@gmail.com, 1352632763
Podar International School,vandana@podarinternationalschool.com, 2267111111
"Modern School, Barakhamba Road",principal@modernschool.net, 1123311618
Bharatiya Vidya Bhavan’s Rajaji Vidyashram,brvinfo@bvbchennai.org, 4426442823
"Sloka School, Hyderabad",info@slokawaldorf.org, 84132355050
"Springdales Public School, Pusa Road",sdales@nde.vsnl.net.in, 1125728428
"Vidya Niketan School, Bangalore",vidyaniketan@gmail.com, 8023331531
"The School-KFI, Adyar",theschool.kfi.chennai@gmail.com, +91 4424915845
"Gitanjali School, Hyderabad",gitanjalischool@yahoo.com, +91 4027768420
"Sishya School, Adayar, Chennai",sishya@sishya.com, +91 4424912652
"Mayo College Girls School, Ajmer",info@ischool.co.in, 1452661286
"The Doon School, Dehradun",developmentoffice@doonschool.com, 1352526400
"Sherwood College, Nainital",admin@sherwood.edu.in, 5942239710
"Rishi Valley School, Chittoor",office@rishivalley.org, 8571280044
"The Shri Ram School, Vasant Vihar, Delhi",junior.school@tsrs.org, +91 1126140884
"Mallya Aditi International School, Bengaluru",maisadmin@aditiblr.org, +91 8040447000
"The Valley School, Bangalore",office@thevalleyschool.info, +91 8028435240
Cathedral and John Connon School,cajcs@mtnl.net.in, +91 2222001282
"Smt Sulochanadevi Singhania School, Thane, Maharashtra",info@singhaniaschool.org, +91 2240368410
"Campion School, Cooperage Road, Fort, Mumbai",principal@campionmumbai.org, 2222020575
"Bombay Scottish School, Mahim, Mumbai",bomscottish155@hotmail.com, 2224453460
"Bishop Cotton School, Shimla",headmaster@bishopcotton.com, 1772620880
"The Assam Valley School, Balipara, Assam",head@assamvalleyschool.com, 9678074320
