school name,principal name,contact no,email
 Loyola SchoolSreekaryam , Fr Devassy Paul SJ ,04712598585,loyolaschooltvm@yahoo.com
 S N V H S S Anad , Beena.V.S ,04722812280,snvhsanad@gmail.com
 P H M K M V H S SPanavoor , PREMKALA I G ,04722865126,principalphmkmvhsspanavoor@gmail.com
 Govt. H S SAruvikkara , PUSHPA GEORGE N ,2888233,ghssaruvikkara@gmail.com
 Govt. T H SMeenankal , SAILAJA.R ,04722892094,gths.meenankal@yahoo.com
 Govt. V & H S SAryanad , JYOTHISH JALAN D V ,04722852255,gvhssaryanad@yahoo.in
 Govt. Model HSS ForBoys Attingal , BINDU K ,04702622283,gbhsattingal@gmail.com
 Govt V H S SAlamcode , SATHI J S ,04702620270,alamcodehs@yahoo.com
 Govt H S S For GirlsAttingal , LATHAKUMARI A ,04702622597,gghssattingal@gmail.com
 Navabharath E M H SS Attingal , SURESHLAL.D ,04702623877,navabharathemhssattingal@gmail.com
 Govt. H S S Elampa , SHAJIKUMAR. S ,04702639006,ghsselampa@gmail.com
 Sr.Elizabeth Joel CS I E M H S SAttingal , SINI THOMAS ,04702620010,sr.elizabethcsischool@gmail.com
 S C V B H SChirayinkeezhu , S S SHAJI ,04702640208,scvbhschirayinkeezhu@gmail.com
 S S V G H S SChirayinkeezhu , SHAJI S S ,9447557551,ssvghschirayinkeezhu@gmail.com
 P N M G H S SKoonthalloor , SANDHYA S ,04702640216,pnmghsskoonthalloor@gmail.com
 M R M K M M H S SEdava , M.S.ABDUL JALEEL ,04702660721,edavamrmkmmhss@gmail.com
 L F E M H S S Edava , LATHA SURENDRAN ,04702660156,edavalittleflower@gmail.com
 G H S S Kappil , SHEEBA A ,04702661877,ghskappil@gmail.com
 S S P B H S SKadakkavoor , SOBHA.S.K ,04702656808,sspbhskadakavur@gmail.com
 G S N V H S SKadakkavoor , LALI.S.KHAN ,04702658497,snvghsskadakkavur@gmail.com
 Govt H SAvanavancheri , ANILARANI T T ,04702632163,ghsavanavanchery@gmail.com
 St.Joseph's  H S SAnchuthengu , Shirley Pereira ,04702657900,stjosephshssanj@gmail.com
 G H S S KAVALAYOOR , LATHAKUMARY A ,04702689078,ghsskavalayur@gmail.com
 R R V B V H S SKilimanoor , VENU.G.POTTI ,04702672485,rrvbvhss@gmail.com
 Govt. HSS Kilimanoor , AJITHA S ,04702673055,ghsskilimanoor.kmr@gmail.com
 Govt. Boys H.S.S.Mithirmala , KUMARI REMA S ,04722820503,minikumai63915@gmail.com
 Govt. Girls H.S.S.Mithirmala , SREEKALA CS ,04722820754,gghssmithirmala@gmail.com
 Govt. H.S.S.Bharathannoor , JAYAN V ,04722869292,ghssbtr@yahoo.com
 S.K.V.H.S. Nanniyode , RANI .S ,04722840242,skvhsnanniyode@gmail.com
 Govt. H.S.Madatharakani , SULEENA.S ,04742443192,ghsmadatharakani@gmail.com
 B.R.M.H.S. Elavattom , Rajanee Devi.B.S ,04722840754,hmbrmhselavattom@yahoo.in
 N.S.S.H.S. Palode , SREEKALA . S ,04722845015,nsspalode@gmail.com
 S K V H SKadampattukonam , VIJAYAKUMAR R K ,04702682376,skvhskadamp@gmail.com
 Govt. HSS Navaikulam , SINI M HALLAJ ,04702692092,navaikulamhs@gmail.com
 Govt V H S S Njekkad , MADHUSOODANAN NAIR S ,04702692274,gvhssnjekkad@gmail.com
 L M S H S SVattappara , S MINI ,04722585442,lmshssvattappara@gmail.com
 Govt. V H S S ForBoys Nedumangad , RASEENA.M.J ,04722812328,bvhssmancha@yahoo.co.in
 Manarulhuda E M H SNedumangad , Thamimul Ansari ,04722802398,mhhssndd@email.com
 Govt. H S SPoovathoor , SURESH S ,04722801423,ghsspoovathoor@yahoo.in
 Govt. H S Karippoor , BINDHU G ,04722812143,ghskarippoor@yahoo.co.in
 S N H S SUzhamalakkal , V.S. Sreeja ,04722898156,officesnhss@gmail.com
 Govt. H S S ForGirls Nedumangad , MINI A ,04722802492,ghssndd@gmail.com
 Darsana H S SNedumangad , RAKENDU.S.M ,04722812564,darsanaehssnedumangad@gmail.com
 Govt. V & H S SVellanad , RAJIKUMARI S V ,04722882032,hmvellanadhs@gmail.com
 Vikas Bhavan H SMithraniketan , SETHU VISWANATHAN ,04722884066,vbhsmitra@yahoo.com
 S N V H S SNedunganda , BINDU.K ,04702600762,snvhssnedunganda12@gmail.com
 Govt.V & HSSPakalkuri , LUCKY N S ,04702682056,pakalkurihs@gmail.com
 NSSHS Madavoor , Sudarsana Babu V ,04702682096,headmistressnsshs@gmail.com
 Govt. HSS Pallickal , RAJEENA BEEGOM M A ,04702682578,ghsspallickalattingal@gmail.com
 V H S S Karavaram , ARUN SEKHAR R ,04702692380,vhsskaravaram@gmail.com
 Govt H S SVenjaramood , MOHAMED ASHREF T ,2872124,ghssvenjmd@gmail.com
 G H S S Vakkom , SUDHAKARAN K K ,04702653771,gvhssvakkom@gmail.com
 Sivagiri H S SVarkala , A P SASIKALA ,04702603010,sivagirihss@gmail.com
 G H S S Palayamkunnu , PRADEEP V ,04702667217,palayamkunnughss@gmail.com
 Mulamana V.H.S.S.Anakudy , Sreelatha.R.P ,04722835105,mulamanaschool@yahoo.in
 DBHS Vamanapuram , K R VINOD KUMAR ,04702836138,dbhsvpm@gmail.com
 G M H S Nadayara , SAILA.R ,04702600292,gmhsnadayara@gmail.com
 G M H S S Varkala , V K NAZAR ,04702602278,hmgmhssvarkala@gmail.com
 Govt. V & H.S.S.Vithura , DEEPA P ,04722856202,gvhssvithura@gmail.com
 Govt. H.S. Anappara , Premabhai J I ,04722856509,ghsanappara@yahoo.com
 Govt. H.S.S.Tholicode , ASMA BEEVI M ,04722879595,ghsstholicode@gmail.com
 V.K.Kani Govt. H.S.Panacode , SANTHOSH KUMAR C ,04722879633,vkkpancd@gmail.com
 G H S S Vettoor , MINI H.M ,04702602023,ghssvettoor@gmail.com
 R R V   G H S SKilimanoor , Jyothi.S ,04702672185,rrvghss@yahoo.com
 Govt. HSSThattathumala , SANTHOSH KUMAR A R ,04702649646,ghsssthattathumala@gmail.com
 Govt. V & H S SKarakulam , SUBHAMONI A ,04712371822,hakarakulam@yahoo.com
 Iqbal H.S.S.Peringammala , JASMINE S ,04722845543,iqbalhss7@gmail.com
 G H S Cherunniyoor , SUNITHA .K ,04702601101,ghscherunniyoor@gmail.com
 Govt. HS NagaroorNedumparampu , SUJI SADANAND ,04702678467,nagaroorghs@gmail.com
 Janatha H S SThempammood , PRADEEP NARAYAN M K ,04722829119,janatha42070@gmail.com
 Govt. V.H.S.S.Kallara , SURESHKUMAR  V G ,04722860805,gvhsskallara@gmail.com
 Govt. H S S Azhoor , Letha Devi .S  ,04702635586,govthsazhoor@gmail.com
 SNVHSS Panayara , AJITHAKUMARI. A.R ,9496390022,snvhspanayara@yahoo.com
 A K M HS Kudavoor , Nisa. A.S ,04702690753,akmhskudavoor@gmail.com
 Govt. HSKoduvazhannoor , NUJUMA M ,04702678045,ghskdr@gmail.com
 Govt. T.H.S. Idinjar , SURESH BABU T U ,04722845122,hmidinjarschool@gmail.com
 S S M E M H SMudapuram , RADHAMONEY R.K ,04702642663,ssmhssmudapuram@gmail.com
 Vidhyadhiraja E M HS S Attingal , K. Mohanachandran Nair ,04702624461,attingalsvemhss@gmail.com
 Crescent H SNedumangad , K.A.MUHAMMED MANSOOR ,04722802634,crescentrhs@gmail.com
 KTCT EM HSSKaduvayil , SANJEEV.S ,04702693860,ktctemrhs@gmail.com
 Gem Know Model H S SMelvettor , P.RAVEENDRAN NAIR ,04702600601,gkmhss@gmail.com
 S H C H SAnchuthengu , SR. OMANA.P ,04702659271,scrdheart@yahoo.com
 S N E M H SSaradagiri Varkala , ABHA ,9447666301,snemhs42083@yahoo.com
 Govt. HS Ponganad , INDIRA AMMA K ,04702651770,ghsponganad@gmail.com
 Govt. H S Ayilam , SATHI J S ,04702639369,govthsayilam@gmail.com
 Govt. High SchoolJawahar Colony , GOPAKUMAR ,04722876825,jawaharcolonyups@gmail.com
 Govt. H.S.Chettachal , KRISHNAN P C ,04722849536,gupschettachal@gmail.com
 Govt. H SKudavoorkonam , Meera Sahib.J ,04702629040,hskudvoorkonam@gmail.com
 LOVEDALE CBSE HSS ATTINGAL , JAYAKUMAR B ,04702621910,office@lovedaleschool.com
  , No Data Found! , ,HSE
  , No Data Found! , ,HSE
 G B B L P SAnchuthengu , Angel Leon ,2657111,governmentbblps@gmail.com
 G L P S Cherunniyoor , Radhakrishnan.a ,9446514884,cherunniyoorhmglps@gmail.com
 G M L P S Palachira , ARYAKUMAR G ,LP,mlpspalachira@gmail.com
 G M P L P S Elakamon , SUSEELA.L ,04702665544,mplpselakamon@gmail.com
 G Central L P SElakamon , ARYAKUMAR G ,04742668099,clpselakamon2018@gmail.com
 G L P SHariharapuram , SUNITHA B ,8547517426,glpshpuram@gmail.com
 G L P S ChilakkoorPanayil , USHA OT ,04702601400,panayillps@gmail.com
 G L P S Kappil , C JAYAKUMARI ,04702661926,glpskappil2016@gmail.com
 G A M L P SKayikkara , GEETHA G R ,04702658700,kaikkaraasanmemorial@gmail.com
 G L P B S Kurakkanni , Shine.S.S ,9447342489,lpbskurakkanni@gmail.com
 G L P G S Kurakkanni , SUMANGALA N ,04702611952,govtlpgskurakkanni@gmail.com
 G L P S Muthana , Vinathakumari P T  ,9995891931,lpsmuthana@gmail.com
 G M L P S Odetty , SINDHUKUMARI B R ,04702664009,gmlpsodayam@gmail.com
 G L P S Panayara , MURALEEDHARAN J ,04702603026,panayaralps@gmail.com
 G W L P S Poika , Revamma S ,04702662726,wlpspoika@gmail.com
 G L P SSreenivasapuram , ANITHA K ,04702610126,glpssreenivasapuram@gmail.com
 K G G L P SThannimoodu , Lathikakumari.S ,9495433020,kgglps@gmail.com
 G New L P S Vakkom , AMBIKA DEVI. P.C ,04702654566,newlpsvakkom@gmail.com
 G L P B S Vakkom , Valsala M ,9946749995,lpbsvakkom@gmail.com
 G L P SValayantakuzhy , JASSY M S ,04702611700,govtlpsvalayantakuzhy@gmail.com
 G M V L P S Varkala , RAJI S ,2613300,gmvlpsvarkala@gmail.com
 G L P G S Varkala , Baiju M ,04702611255,glpgsvarkala@gmail.com
 G L P S Venkulam , KRISHNAKUMAR T ,04702660160,glpsvenkulam@gmail.com
 G L P S Vilabhagom , ASHEELA.K.M ,0470206171,asheelakm@gmail.com
 G W L P SKayalppuram , Joy P ,04722665826,gwlpsvedarkunnu@gmail.com
 M M M G L P SNedunganda , Geetha C V ,04702606999,mmmglpsnedunganda@gmail.com
 G M L P S Chilakkoor , Sheeba.I.G ,04702602600,hmgmlpschilakkoor@gmail.com
 S H C L P SAnchuthengu , Sr.Treasamma A A ,04702656726,shclps@gmail.com
 S N V L P SChemmaruthy , S.SHEEJA ,04702693736,snvlps@gmail.com
 S R V L P SKadakkavoor , ASHA.S ,8848874329,sreeramavilasmlps@gmail.com
 G L P SKarunnilacode  , REMABHAI S ,04702051500,lpskarunilacode@gmail.com
 St.Alloysius L P SMampally , Jessy Pereira J ,04702657251,salpsmampally@gmail.com
 L M S L P S Vakkom , p.prema ,04702650809,lmslpsvakkom11@gmail.com
 L P S Vencode , Kumarilatha.R ,9495752552,vencodelps@gmail.com
 Mt.Carmel L P SVennicode , Aleyamma Thomas ,9846355044,vennicodemountcarmellps@gmail.com
 M L P S VettoorElappil , A.S SHEENARANI ,9496195960,mlpselappil@gmail.com
 L M L P S Karippuram , T.S.SUNIL ,0470266088,lmlpskarippuram@gmail.com
 A M L P S Kovoor , PRIYALEKSHMY.S ,9895889136,amlpskovoor1@gmail.com
 M V L P S Manthara , ASOK KUMAR S ,9495045224,mvlpsmanthara@yahoo.com
 L M S L P S Varkala , GIRLY FIELD. C.T ,9446846457,varkalalmslps@gmail.com
 G L P G S Vakkom , LAILA .A ,04702656333,lpgsvakkom4@gmail.com
 G U P S Ayiroor , NIRMALA S ,04702665526,gupsayiroor777@gmail.com
 G M U P S Edava , NAJEEMA M ,04702660515,gmups42244@gmail.com
 G U P S Nilakkamukku , JAYARAM S V ,04702653838,gupsnilakkamukku@gmail.com
 H H T M U P SPalachira , N.Suresh ,9446283945,palachirahhtmups@gmail.com
 Prabodhini U P SVakkom , Anitha.P ,04702560805,prabodhiniupsvakkom@gmail.com
 L V U P S Venkulam , LATHIKA .M ,04702661919,lvups1907@gmail.com
 A M U P S Ayiror , SHAJAHAN.S ,04702665144,ayrooramups@gmail.com
 U P S Elakamon , SAJIT.S ,2665040,elakamon.up.school@gmail.com
 St.Sebastian`s U P SMudiacode , JAYAKUMAR   G ,04702611446,jayalayamjayakumar59@gmail.com
 St.Thomas U P SAyiroor , ANSALAM HILARI.J ,04702665170,stthomasayroor@gmail.com
 R K M U P S Muthana , SMITHA B T ,04702696422,btsmitha88@gmail.com
 H V U P S KURAKKANI , VALSALA S ,7012024542,hvupskurakkanni@gmail.com
 A M T T I Vilabhagam , K AJITHA ,04702608490,amttischool@gmail.com
" Jyothis TrinitySchool,Kovur,Varkala ", Sani.S ,9495301384,jyothistrinity@gmail.com
" Light to the blind,varkala ", JOHNTHOMAS ,04702602367,lbvschool@gmail.com
  , No Data Found! , ,HSE
  , No Data Found! , ,HSE
  , No Data Found! , ,HSE
 L M S L P S Attingal , M.S.GEETHA ,04702624526,lmslpsattingal@gmail.com
 Govt. L P SKeezhattingal , SANAKAN M ,04702620503,lpsktl@gmail.com
 Govt. L P S Andoor , Anithakumary. S ,627026,andoorlps@gmail.com
 Govt. L P S Attingal , GEETHA. S ,04702623726,glpsramachamvila@gmail.com
 Govt. L P SMelattingal , ANITHAKUMARY. S ,8281624869,glpsmelattingalhm@gmail.com
 Govt. L P SMelkadakkavur , SHEELA S ,04702620293,lps42306@gmail.com
 Govt.L P S Elampa , Reena C O ,2639555,lpselampa@gmail.com
 Govt. L P S Alamcode , SUDHA P S ,9745453776,glpsalamcode1907@gmail.com
 Govt. L P SMadathuvathukkal , B.Sathykumari ,2821561,hmmadathuvathukkal@gmail.com
 P T M L P SKumpalathumpara , MALLIKA AMMA .S ,9946152978,abdulsalamshamnad54@gmail.com
 Govt. L P S Njekkad , LILLY A ,04702694171,glpsnjekkad42311@gmail.com
 Govt. L P SMullaramcode , BINDU G B ,04702691515,glpsmullaramcode42312@gmail.com
 Govt. L P S Ottoor , Saraschandrakumar.M ,04702688245,glpsottoor@gmail.com
 R M L P S Mananakku , Jasmine.A ,9447075091,rmlpsmananakkuatl@gmail.com
 A M L P S Perumkulam , PRAVEEN M R ,04702687469,amlpspklm@gmail.com
 Govt. L P SKulamuttom , UNNIKRISHNAN NAIR ,9539022342,glpskulamuttom123@gmail.com
 St.Sebastian's L P SMoongode , MERLIN A F ,04702640234,sslpsmoongode@gmail.com
" Panchayath. L P SPullampara, Panayam ", Sajikumar V ,04722820221,govtlpspanayam@gmail.com
 Panchayath LPSMudakkal Valakkadu , REENA  C O ,04702639979,mudakkalglps9497162115@gmail.com
 Govt. L P SParavoorkonam , AJITHA T S ,9447245898,lpsparavoorkonam@gmail.com
 Govt. L P S Edacode , MINI.R ,04702633998,govtlpsedacode@gmail.com
 Govt. L P SPoovanathummood , Nirmala devi S ,04722837848,lpspoovana@gmail.com
 Govt. L P S Chempoor , GEETHA KUMARI  K  K ,2638708,govtchempoor@gmail.com
 Govt. L P S Perumala , JAMEELA .S ,2828090,hmperumala@gmail.com
 Govt. L P SVellumannady , Maya.R ,8547172931,42325vellumannady@gmail.com
 Govt. L P SKoonthalloor , N.ANITHAKUMARI ,04702640926,glpskoonthalloor@gmail.com
 S C V L P SChirayinkeezhu , L R SREEJA ,04702640036,scvlpschool@gmail.com
 Govt. L P SAryavilasom , V. JAYALATHA ,04702640626,aryavilasom2015@gmail.com
 St. Veronica`s L P SChirayinkeezhu , EMERSON .S ,04702143082,emaayroor@gmail.com
 St. Alosious L P SChirayinkeezhu , Valsalakumari.D ,9895334913,valsalageorge5@gmail.com
 Govt. L P SPerumathura , HILDA D Y ,04712428961,glpsperumathura@gmail.com
 Govt. L P SPerunguzhy , B.S SAILAJA ,04702636823,glpspzy@gmail.com
 Govt. L P SPadanilam , SUNI S ,04702643894,govtlpspadanilam@gmail.com
 J M L P SParameswaram , Sheeba J ,04722870244,jmlpsparameswaram1966@gmail.com
 Govt. LPSMelattumoozhy , SREEJA S ,04722180538,govtlpsmelattumoozhy@gmail.com
 Govt LPS Nedumkaitha , KANCHANA.G ,04722820047,govtlpsnedumkaitha@gmail.com
 Govt. L P S Mukkudil , vijayakumary j ,04722828771,govtlpsmukkudil@gmail.com
 Govt. U P SVenjaramoodu , C.Geetha Kumari ,04722873590,gupsvjd@gmail.com
 U P S Kunnuvaram , Madhu.G.R. ,04702628259,kunnuvaramups100@gmail.com
 Y L M U P SKeezhattingal , BINU SHARINA. R ,9447863628,ylmupschool@gmail.com
 Govt. B V U P SKeezhattingal , SAJIKUMAR V ,04702620881,gbvups2012@gmail.com
 Govt. U P SAlanthara , LEENA G ,04722870729,gupsalamthara@gmail.com
 Govt.Town UPSAttingal , V.RADHAKRISHNAN ,04702623019,townups@gmail.com
 D A M U P S Edacode , padmakumary ,8281618216,damupskurakkada@gmail.com
 P T M U P SChencherikonam , PARVATHY J SARATH ,04702624563,ptmupsc@gmail.com
 K G S U P S Ottoor , KRISHNAKUMAR.K ,9895824543,kgspottoor@gmail.com
 Govt. U P SSreenarayanapuram , BEENA P ,04702795735,gupssnpuram@gmail.com
 Govt. U P SManamboor , S Sathesh Kumar ,000000,atl42350@gmail.com
 Govt. U P S Nellandu , Geetha. S. Pillai ,04722837019,nellanad42351@gmail.com
 K V U P SVellumannady , Mini C V ,04722870326,kvupsvellumannady@gmail.com
 R M U P S Vayyakkavu , SUBHAKUMARI.S.V ,04722821006,rmupsvayyakkavu@gmail.com
 Govt. U P S Palavila , N.GOPAKUMAR ,04702640821,palavilaups@gmail.com
 Govt. U P SChirayinkeezhu , Sreekumar KS ,04702640766,hmgupssarkara@gmail.com
 Govt. S V U P SPuravoor , PREETHA DEVADAS ,04702625622,gsvupspuravoor@gmail.com
 G V R M U P SKizhuvilam , SALEENA L ,8547027046,kizhuvilamgvrmups@gmail.com
 Govt. U P SKizhuvilam , Satheeshkumar ,04702645494,upskizhuvilam@gmail.com
 Govt. U P SMudapuram , KS VIJAYAKUMARI ,04702641632,mudapuramups@gmail.com
 Govt. U P SPillayarkulam , SALEENA BAI H A ,04702642665,gupspillayarkulam@gmail.com
 V P U P S Azhoor , Pushpa.N ,04702636145,vpupsazhoor@gmail.com
 S I U P S Madanvila , G.Mini ,04712428550,madanvilaschool@gmail.com
 Govt. U P SAnathalavattom , C JAYAKUMARI ,9995950837,anathalavattomgupshm@gmail.com
 Govt. U P SMathasserikonam , BAIJU K ,04702636826,gupsmathasserikonam@gmail.com
 M G M U P S Edacode , ARUN..H ,04702631409,upsmgm@gmail.com
 DIET Attingal , PREMARAJAN V V ,04702622589,atldiet@gmail.com
 Amritha Model E MSchool AttingaL , T.R Babuchandran ,9447378792,amritamodelschool96@gmail.com
 Angel MontessoriSchool Manamboor , SHEEJA ,04702691333,rafeeksangels1964@gmail.com
 Azhoor Bhagavathy EM School Azhoor , VEENA.O ,04702643964,azhoorbhagavathyschool@gmail.com
 Rehmania E M SchoolManickal , FASALREHUMAN. A ,04722873500,rahmaniaschools@gmail.com
 Sadanathil schoolManamboor , SALINI DILEEP ,9995880709,sadanathil@gmail.com
 Salini Bhavan E MSchool Vamanapuram , Sr.Dolly Anasthasia ,04722837153,sbschool.vprm@gmail.com
" Model PublicSchool,Anakuzhy ", THANKAMANY L ,9846907857,modelempublicschool@gmail.com
" Indian School ALSeeb, Muscat ", Nagesh kelkar ,8113025439,anijaisas@gmail.com
 Govt. LPS Adayamon , SASIKALA M S ,04702648032,lpsadayamon@gmail.com
 Govt L P SKattapparambu , MANOJ B K NAIR ,9447326909,glpskattapparambu@gmail.com
 Govt LPS Kilimanoor , SanthakumariAmmaT V ,04702675199,glpskilimanoor456@gmail.com
 Govt. VV LPSKilimanoor , SANTHAKUMARI AMMAL.J ,04702674207,gvvlpskmr@gmail.com
 Govt. LPSKizhakkanela , Jayaprabha P ,9744611976,glpskizhakkanela@gmil.com
 Govt. LPS Kuttimoodu , Dileepkumar M ,04722860431,kuttimoodulps@gmail.com
 Govt. LPS Madavoor , IQBAL A ,04702682244,glpsmadavoor123@gmail.com
 Govt. CNPS LPSMadavoor , D.Ushakumari ,04702681400,cnpsglps@gmail.com
 Govt. LPS Moothala , MANOJ B K NAIR ,04702681115,glpsmoothala2016@gmail.com
 Govt. VS LPSNagaroor ,  CHANDRALEKHA K ,04702678864,gvslpsnagaroor@gmail.com
 Govt. LPS Navaikulam , vasantha kumari ,04702690275,glpsnavaikulam@gmail.com
 Govt MLPS Navaikulam , GANGA GS ,9995342246,gmlpsnavaikulam@gmail.com
 Govt. LPS Pakalkuri , s prameela ,04702685060,glpspakalkuri@gmail.com
 Govt. LPSPanappamkunnu , S SASIKALA DEVI ,04702652994,glpspanappamkunnu@gmail.com
 Govt. LPS Pappala , K V VENUGOPAL ,04702671847,glpspappala@gmail.com
 Govt. LPS Pedikulam , S. SHEELA MONI ,04702836087,glpspedikulam@gmail.com
 Govt. LPS Pulimath , S LAILA ,04702836036,glpspulimath@gmail.com
 Govt. LPSPuliyoorkonam , Rasiabeevi.M ,04702682525,glpspuliyoorkonam@gmail.com
 Govt. LPS Pullayil , BINDU.K ,04702675575,glpspullayil@gmail.com
 Govt. LPSPuthumangalam , Alexander Baby ,04702652050,glpsputhumangalam@gmail.com
 Govt. LPS Thottakkad , SHAMEENA BEEVI M L(Tr.incharge) ,04702692232,glpstkd@gmail.com
 Govt. LPS Vellalloor , ALLYRANI V ,04702670591,glpsvellalloor@gmail.com
 Govt. LPS Vettiyara , PRASANNAKUMARI AMMA S ,9495333908,glpschoolvettiyara@gmail.com
 LM LPS Arivarikuzhy , L VIJAYA KUMARI AMMA ,9497642844,lmlpsarivarikuzhi@gmail.com
 PVLPS Kailasamkunnu , Shemeershain.S ,9946990875,pvlps2013@gmail.com
 MLPS Madanthapacha , shibilabeegom j s ,9446110326,mlpsmadanthapacha@gmail.com
 KCM LPS Navaikulam , Thahira beevi ,04712693144,faizalkcmlps@gmail.com
 SNV LPS Navaikulam , SUJIKUMAR.P.S ,04702690030,snvlpsnavaikulam2@gmail.com
 MLPS Njarayilkonam , SINDHU.V.G ,9447903713,mlpsnjara456@gmail.com
 DVLPS Paiveli , S.R.KALA ,04702681756,dvlpspaiveli@gmail.com
 MGM LPS Parakunnu , SUDHA D ,9495077804,mgmlps123@gmail.com
 DVLPS Pavalla , R. ABHA ,9497878488,dvlps42432pavalla@gmail.com
 SVLPS Tholikuzhy , RAJESH RAM .V.R ,9961247383,svlpstholikuzhi123@gmail.com
 LMLPS Melporunthamon , Ajithakumari S ,9446101124,lmlpsmelporunthamon@gmail.com
 Govt. LPS Aroor , PRIYA T G ,04702651010,glpsaroor@gmail.com
 Govt MLPS Kudavoor , AMBIKA.C.O ,04702681326,gmlpskudavoor@gmail.com
 Govt. LPS Mevarkal , SHEEJA P S ,04702679650,mevarkalschool@gmail.com
 Govt. LPS Parakkulam , L JAYALAKSHMI ,04702616030,glpsparakulam@gmail.com
 Govt. UPS Vanchiyoor , PUSHKALA D K ,04702677577,vanchiyoorups@gmail.com
 Govt. Town UPSKilimanoor , JAYANDHI.G ,04702675925,gtupskilimanoor@gmail.com
 Govt. UPS PeroorVadassery , Geetha Kumari.S ,04702651162,gupsprrvdy@gmail.com
 Gurudev UPSDarsanavattam , V.SHERLY ,04702679971,gurudevupsdersanavattam@gmail.com
 SNV U P SKattuputhussery , S.JAYASING ,9446866445,snvupskattuputhussery@gmail.com
 BVUPS Navaikulam , Samkutty Y ,9495473379,bvupsnavaikulam@gmail.com
 MMUPS Peroor , M.I.AJIKUMAR ,04702694297,mmupsperoor@gmail.com
 SNUPS Thevalakkad , SHEEJA.S ,04702696216,snupsthevalakkad@gmail.com
 Nalanda PublicSchool Vettiyara , SREEDEVI A.V ,9567653324,nalandaschoolvettiyara@gmail.com
 RoseDale EM SchoolKallambalam , K Gopinathan Nair ,04702693476,rosedalepublicschool@gmail.com
 UPS Adayamon , V S PREMJITH ,04702648915,adayamonups@gmail.com
 R M UPSKallarakkonam , S KUMARI ,9495280760,rmupskallarakonam@gmail.com
 Special UPSKilimanoor , K.LEELA ,9539897936,specialups123@gmail.com
 CNPS UPS Madavoor , NISHA KHAN N ,9746725600,madavoorcnpsups@gmail.com
 Govt. UPS Manjappara , SREEKALA.T ,04722860010,upsmanjappara123@gmail.com
 SNV UPS Pulimath , vanaja v ,04702674686,snvupspulimath@gmail.com
 UPS Pulimath , G.L.LAJI ,04702836259,pulimathups@gmail.com
 SVUPS Puliyoorkonam , sheela.T ,9447429129,puliyoorkonamsvups@gmail.com
 SKV UPS Pullayil , K REMA DEVI ,9497782850,skvupspullayil@gmail.com
 PVUPS Puthumangalam , Ashitha BP ,9745276655,pvupsputhumangalam@gmail.com
 MGUPS Thottakkad , Ajidathan.M ,04702991842,mgupst@gmail.com
 VUPS Vellalloor , ASHADEVI O ,04702674475,vupsvlr456@gmail.com
 Ideal English schoolNjarayilkonam , ABDUL SALAM M ,04702682085,idealenglishschool2015@gmail.com
" SISUVIHAR EM School,Kilimanoor ", JAYACHANDRAN NAIR ,04702675517,sisuvlharkmr@gmail.com
 TECHNICAL HSNEDUMANGAD , Gopan.D ,04722812686,thsnedumangad@gmail.com
 Govt. LPS Aruvikkara , ACHAMMA C ,04722889498,lparuvikkara@gmail.com
 Govt. LPS Aryanad , Sanuba beevi N ,04722854055,glpsaryanad@gmail.com
 Govt. LPS Changa ,  S.R. Ushadevi ,04722884545,govtlpschanga2017@gmail.com
 Govt. L P SChullimanoor , Manjusha S ,LP,hmglpschullimanoor@gmail.com
 Govt. LPSChellamcode , BIJU R ,04722814555,hmglpschellamcode@gmail.com
 Govt. WLPS Enchapuri , Sreelal K R ,9446073031,gwlpseanchapuri@gmail.com
 Govt. LPS Kalathukal , Lekshmi.E ,9496154929,kalathukallps@gmail.com
 Govt. LPBS Karakulam , KUMARI R L JALAJA ,04712370103,glpbskarakulam@gmail.com
 Govt. LPS Kolla , N. SABOORA ,04722866958,kollalps@gmail.com
 Govt. LPS Kuzhivila , JAYA SREE S ,04722805152,glpskvl@gmail.com
 Govt. LPSMukkolackal , Laila Beevi .A ,9562302731,mukkolackal.glps.hm@gmail.com
 Govt. TLPS Mundela , ANITHAKUMARI. L ,04722898044,gtlpsmundela@gmail.com
 Govt. LPS Nedumangad , Lali PD ,04722801822,glpsndd@gmail.com
 Govt. LPS Panavoor , SULAIGHA . N.S ,2867490,glpspnvr@gmail.com
 Govt. LPSPanayamuttam , SRIKUMARI. K ,04722867788,panayamuttomlps@gmail.com
 Govt. LPS Parantode , JOLLY ABRAHAM  ,04722891400,glpsparentode@gmail.com
 Govt. LPSParuthikkuzhi , KUMARI BINDU G ,04722898270,lpsparuthikuzhy@gmail.com
 Govt. LPS Pazhakutty , S JAYAKUMARI ,8086625977,pazhakuttyglps@gmail.com
 Govt. LPSPazhayatheruvu , SUSAN L HEPSY ,04722851163,govlpspazhayatheruvu@gmail.com
 Govt. TLPSPerinjaramoola , SATHY DEVI SM ,04722882252,perinjaramoolalps@gmail.com
 Govt. LPS Poovathoor , B  SUDHAKUMARI ,04722803138,glpspoovathoor@gmail.com
 Govt. LPSPuthukulangara , OMANA V R ,04722898099,lpsputhukulangara@gmail.com
 Govt. LPSSankaramugham , Ponnammajohn ,2882264,glpssankaramukhom@gmail.com
 Govt. TLPSTheviyarukunnu , Lali P D ,04722891036,tlpstheviyarukunnu@gmail.com
 Govt. LPS Uriacode , mini s ,04722882369,glpsuriacode@gmail.com
 Govt. LPSUzhamalackal , G.PONNAMA ,04722898098,lpsuzhamalackal@gmail.com
 Govt. LPS Vattappara , vacant ,04722587844,lpschittazha@gmail.com
 Govt. LMALPSVattappara , JAYA O S ,04722587101,lmalpsvattappara@gmail.com
 Govt. LPS Veliyanoor , SAILAJA T N ,04722882111,veliyannoorgovtlps@gmail.com
 Govt. LPS Vellanad , NAGESH KUMAR V ,04722883826,glpsvellanad@gmail.com
 LMLPS Chenamcode , PUSHPA BAI B ,9495445240,lmlpschenamcode@gmail.com
 L M L P SChullimanoor , Lovely Daniel ,9605325766,lmlpsclmr68@gmail.com
 LMLPS Uzhamalackal , S .V .SHEEJA ,9495122441,lmalpsuzhamalakal@gmail.com
 Panchayath LPSMarangad , Girijamony D ,7907236648,lpsmarangad@gmail.com
 St:Marys LPS Changa , BEENA P M ,8086044174,stmaryslpschanga@gmail.com
 Vidyadhiraja LPSEttamkallu , ANEESH.J.P ,04722812424,vrlpsettamkallu@gmail.com
 Harvest Mission E MHigh School Pongode , Mr Ajeesh A ,04722892151,harvestmschool@gmail.com
 Amalagiri BathanyVidyalaya Kulappada , SR. DARSITHA SIC ,04722898166,amalagiribethany@gmail.com
 Govt. LPSKokkothamangalam , Sreekumar S ,04722800660,kkmangalam42540@gmail.com
 Govt. LPS Kulappada , Ajitha Kumari KG ,04722898800,lpskulappada@gmail.com
 Govt. LMALPSNedumangad , N R RENU ,04722812800,lmalpsnedumengad@gmail.com
 Govt. LPSVelloorkonam , GIRIJA KUMARI. J ,04722801600,glpsvelloorkonam@mail.com
 LFLPS Kazhunad , BIJU S ,8848124586,lflps42544@gmail.com
 Govt. UPS Attukal , Dileepkumar S ,04722865993,gupsattukal@gmail.com
 Govt. UPS Azhicode , PUSHPAKUMARI R S ,04722887121,upsazhicode@gmail.com
 Govt. UPS Edanila , REMADEVI R S ,04722878427,gupsedanila@gmail.com
 Govt. UPS Karakulam , Prakash MS ,04712371449,karakulamups@gmail.com
 Govt. UPS Kazhunad , KUMARI SUMA M R ,04712372786,govtupskazhunadu@gmail.com
 Govt. UPS Perayam , BINDU S ,04722842559,gupsperayam@gmail.com
 Govt. UPS Ramapuram , G.S. JAYACHANDRAN ,04722802814,gupsramapuram@gmail.com
 Govt. UPSVenkottumukku , SANDHYA THANKACHY M S ,04722587647,upsvengod123@gmail.com
 KKVUPS Vettampally , B L SREEKALA ,9495271594,kkvupsvettampally@gmail.com
 Luthergiri UPSAryanad , SHANTHAMMA N ,2853265,luthergiriups@gmail.com
 NSS UPS Kokkottela , O.BHARATHYKUTTY ,04722851755,nssups@gmail.com
 Panchayath UPSAttinpuram , THANKAMONY C R ,04722865083,upsattinpuram@gmail.com
 S H U P SChullimanoor , LAWERENCE. L ,04722848175,shupschmnr@gmail.com
 St:TheresasUPSManickapuram , JOSE G ,04722898995,manickapuramups@gmail.com
 Daleview H S Punalal , ANITHA S ,04712854650,daleviewschool@gmail.com
 Govt. Town UPSNedumangad , S.Jayakumar ,04722813820,hmgbupsndd@gmail.com
 St:Ritas UPSAruviode , SALU P T ,04712540102,stritas2016ups@gmail.com
 PSNMUPS Veliyanoor , Sreelekha.G.R. ,047222882301,psnmupsveliyannoor@gmail.com
 Panchayath UPSParantode , sreelatha B ,04722891855,upschoolparantode@gmail.com
 GOVT.L.P.S ANAD , BIJU R ,9447461725,anadschool@gmail.com
 SNEM LPSUzhamalakkal , BADARSAMAN ,04722898227,snemlpsukl@gmail.com
  , No Data Found! , ,HSE
 Govt. L.P.S.Aruvippuram , Moyramani K ,04722820268,lps42601@gmail.com
 Govt. T.S.Adappupara , BAHULEYAN G ,9539967077,gtlpsadappupara@gmail.com
 Govt.L.P.S.Bharathannoor , MINOL B S ,04722868453,glpsbharathannoor@gmail.com
 Govt. L.P.S. Chayam , DILEEP KUMAR M ,04722856066,govtlpschayam@gmail.com
 Govt. T.S.Chettiampara , Laila.A ,047122891626,chettiyamparagtlps@gmail.com
 Govt. L.P.S.Devappura , AMRITHA S ,04722845505,lpsdevappura@gmail.com
 Govt. L.P.S.Kanjirampara , Jayaletha M ,04722863045,glpskanjirampara42607@gmail.com
 Govt. L.P.S.Kadukkakunnu , Satheesh kumar k ,04722891155,kadukkakunnulps@gmail.com
 Govt. L.P.S.Kanchinada , SHERLLY S ,04722869109,kanchinadaglps@gmail.com
 Govt. L.P.S. Kallar , tr in charge ,0472856426,lpskallar@gmail.com
 Govt. L.P.S.Kollayil , NANDANAN.S ,04742443200,glpskollayil1@gmail.com
 Govt. L.P.S.Karimancode , GIRIJA O ,04722841116,glpskarimancode@gmail.com
 Govt. L.P.S.Kurumpayam , Jayalakshmi L ,9745621687,lpskurumpayam@gmail.com
 Govt. L.P.S.Kurupuzha , RASI S ,04722878769,kurupuzhalps@gmail.com
 Govt. T.S. Methotty , ANILKUMAR.K.V ,9074560698,gtsmethotty@gmail.com
 Govt. L.P.S.Muthuvila , GIRIJA.J ,04722821975,lpsmuthuvila@gmail.com
 Govt. W.S.Maruthamala , B S Radhakrishnan ,04722856230,maruthamala2016@gmail.com
 Govt. L.P.S. Pacha , SHAIJA.K.S ,04722841780,glpspacha@gmail.com
 Govt. L.P.S. Palode , GIRIJA. J ,04722840206,glpspalode@gmail.com
 Govt. L.P.S.Parappil , Leena S ,2821197,glpsparappil4@gmail.com
 Govt. L.P.S.Thengumcode , R.Remadevi ,04722821017,hmglpsthengumcode@gmail.com
 Govt. T.S.Thannimoodu , SULEKHA AMMA D ,04742443400,gtsthannimoodu@gmail.com
 Govt. T.S.Thalathoothakkavu , JOY P ,9745870085,gtlpsthalathoothakavu@gmail.com
 D.B.L.P.S. Pacha , LAIZEE.R.S ,04722841848,HSE
 Panchayat L.P.S.Elavattom , Geetha kumari.s ,04722840119,elavattompanchyathlps@gmail.com
 Sreya LPS Eattimoodu , LISSY.S ,04722835336,sreyalpseattimoodu@gmail.com
 Modern L.P.S.Manalayam , WILSON. C ,9446848641,modernlpsmanalayam@gmail.com
 Panchayat L.P.S.Chellanchi , KumariAnila C ,04722841060,hmchellanchy@gmail.com
 St. Victors L.P.S.Parantode , JAYAKUMAR Y ,9961257070,stvictorsparantode@gmail.com
 S.K.V.L.P.S.Parapparamukal , R.AJITHKUMAR ,04722835165,parapparaschool@gmail.com
 S.N.V.L.P.S.Thumpode , I AJITHA ,04722861515,thumpodesnvlpskallara@gmail.com
 S.N.L.P.S.Kakkanikkara , Soosamma Y` ,9446657504,lpssreenarayana1976@gmail.com
 St. George L.P.S.Palode , CHRISTUDASAN A ,9447927406,stgeorgelpspalode7@gmail.com
 S.H.LP.S. Thevanpara , SUSI. M ,04722865214,thevanparashlps@gmail.com
 S.K.V.L.P.S.Venkattamoodu , Remya K V ,9495718726,remyakv77@gmail.com
 Jawahar L.P.S.Thennoor , MINI S ,04722849133,jawaharlps19@gmail.com
 K.V.L.P.S. Themala , AJITHA KUMARI.  T.  V ,9526272439,kvlpsthemala2@gmail.com
 T.K.M.L.P.S.Manthuruthy , S R Snehaletha ,9995377799,tkmlps67@gmail.com
 Taj L.P.S. V.K.Poika , SHAMMY MOL R ,04722869763,tajlpschool@gmail.com
 Iqbal E.M.L.P.S.Devappura , VISWANATHAN ASSARY ,04722849301,iqbal42640@gmail.com
 Govt. L.P.S. Pangode , SUNIL.B ,04722869022,glpspangodepalode@gmail.com
 Govt. U.P.S. Anachal , Indira.V ,04722837180,anachalschool@gmail.com
 Govt. U.P.S.Njaraneelikkani , MANOJ.B.K.NAIR ,04722845310,njaraneelikkani@gmail.com
 Govt. U.P.S.Paluvally , Preetha devadas ,04722842212,hmgupspaluvally@gmail.com
 Govt. U.P.S.Peringammala , MAHENDRAKUMAR P ,04722846467,gupsperingammala@gmail.com
 Govt. U.P.S. Ponmudi , J Omana ,0472890229,ponmudiups@gmail.com
 Govt. U.P.S.Tholicode , Ushakumari S ,04722856435,gupstholicode@gmail.com
 Govt. U.P.S.Vamanapuram , KUMARI PRASANNA R ,04722837502,vamanapuramups@gmail.com
 Govt. U.P.S.V.V.Dayini , Sheela.S ,04722859441,hmvvdayini@gmail.com
 Govt. U.P.S. Vithura , JAYALEKSHMY T ,04722856204,hmupsvithura@gmail.com
 U.P.S. Anakudy , MINIKUMARI N ,0472835170,anakudygups@gmail.com
 St. Josephs U.P.S.Perayam , SR.MARY K.T. ,04722842931,stjosephsupsperayam@gmail.com
 U.P.S. Karimancode , G.R.PRAKASH ,9497001936,prakashchayam@gmail.com
 Q.A.M.U.P.S.Kochukarikkakam , NAZARUDEEN.E ,09846822314,nazarqam@gmail.com
 S.N.U.P.S. Kollayil , M. R. MINI ,04742443935,snupskollayil@gmail.com
 S.K.V.U.P.S.Muthuvila , D.SUDHA ,2820101,skvups2012@gmail.com
 K.V.U.P.S. Pangode , A M ANZARI ,04722860460,kvupspangode@gmail.com
 Panchayat U.P.S.Thengumcode , SASIKALA.L ,2820095,thengumcodeups@gmail.com
 U.P.S. Vinobaniketan , saji.N ,8281007599,vinobaniketanups@gmail.com
 Nalanda T.T.I.Nanniyode , GANGADHARAN PILLAI.N ,04722840244,nalandatti@gmail.com
 A.R.R Public school ," Azeena  MA,B Ed ",04722878938,tmjettholicode@gmail.com
  MGLC Adipparampu , Ancy mol . N ,9744834924,HSE
  M G L C Pottamavu , GEETHA .N ,9495729048,mglcpottomave@gmail.com
  MGLC Chennillimoodu , Naseera N ,9495829135,HSE
   M G L C  Podiyakala , SUNITHA MOL .K ,9539688350,HSE
  M G L C  Sasthanada , JALLY  G ,9447905373,HSE
 St. Augustine`s H.S. Murukkumpuzha , Sheela K.S ,04712422320,school43001@gmail.com
 Govt. H. S. Veiloor , Lethadevi S ,04712423180,ghsvlr@gmail.com
 Govt. V. H. S. S.Pirappancode , SHEELA L ,04722583354,gvhsspirappancodetvm@gmail.com
 Govt. H. S. S.Thonnackal , NASEEMABEEVI. A ,04712429761,ghssthonnakkal@gmail.com
 Muslim H. S. ForBoys Kaniyapuram , Anil kumar.S ,04712750648,mbhs.kpm@gmail.com
 Muslim Girls H. S.S. Kaniyapuram , BEENA S S ,04712750925,mghs.kpm@gmail.com
 St. Vincent`s H. S.S. Kaniyapuram , SUSEELA GEORGE ,04712752633,stvincentshighschool@gmail.com
 Govt. H S SKazhakuttom , JINABALA M ,04712418167,kazhakuttom.govthss@gmail.com
 Al-Uthuman E. M. H.S. S. Kazhakuttom , K. RAJEEVAN ,2418428,aluthumanemhss@gmail.com
 Pallithura H S S , Mary Merina Roby ,2706404,pallithurahss@gmail.com
 Our Lady of Mercy H.S. S. Puthukurichi , SR. ROSY.A.A ,04712428311,ourladyputhucurichy@yahoo.com
 St. Michael's H S S Kadinamkulam , Raju V ,04712428668,stmichaelshskdm@gmail.com
 Govt. Boys H. S. S.Kanniakulangara , MANJU M K ,04722832200,gbhskanniakulangara@gmail.com
 Govt. Girls H. S. S.Kanniakulangara , ZAREENA BAI H ,04722832346,gghsskan@gmail.com
" GOVT. H S S,NEDUVELI, KONCHIRA, VEMBAYAM ", K. JAYASREE ,04722832016,govthss.neduveli@gmail.com
 Lourd Mount H. S.Vattappara , SANUJA J S ,04722585034,prinlourdes@yahoo.co.in
 Govt. H. S. S.AYIROORPPARA , ABDUL HAKIM A ,04712419645,ghssayi@gmail.com
 L. V. H. S.Pothencode , Maya M R ,04712419620,lvhspothencode@yahoo.com
 M. V. H. S. SThundathil , GEETHA.P ,04712713335,hmthundathil@gmail.com
 S. N. V. H. S.Chenkottukonam , Sree Rekha.R ,04712713420,sreeneelakanta@yahoo.com
 Jyothi Nilayam H. S.S. St. Andrews , SR.BIJIMOL MATHEW ,04712704296,jyotinilayam@yahoo.com
 S. N. G. H. S.Chempazhanthy , SEENA O H ,04712591425,snghsschempazhanthy@yahoo.in
 Govt. H. S. S.Kulathoor , Kaladevi A ,04712418810,ghsskulathoortvpm@gmail.com
 Holy Trinity Eng.Medium H. S. Kattela , SANAL KUMAR.J.L ,04712598279,trinity.holytrinity@gmail.com
 Govt. H. S.Sreekariam , Rose Catherine S ,04712591194,ghssree@gmail.com
 St. John`s Model H.S. S. Nalanchira , RANI M ALEX ,2530376,stjohnsmodelhss@gmail.com
 Sarvodaya VidyalayaNalanchira , Fr.George Mathew Karoor ,04712530831,sarvodayavidyalaya1973@gmail.com
 G. H. S. Mannanthala , jaya.c k ,04715241819,mannanthalaghs@gmail.com
 St. Thomas H. S. S.Mukkolackal , Annamma Cherian ,2511110,sthsstvm@gmail.com
 St. Goretti's GirlsH. S. S. Nalanchira , Sister Aquina ,04712532099,stghss@gmail.com
 Govt. H. S.Kattachakonam , Raheena Beevi M S ,04712530710,ghskattachakonam@gmail.com
 Govt. H. S. S.Medical College , sabeena beegam ,04712443239,mchsskumarapuram@yahoo.com
 St. Mary`s H. S. S.Pattom , ABY ABRAHAM ,04712447395,pattomstmarys@gmail.com
 Govt. Model Girls H.S. S Pattom , Naseema Beevi P ,04712553678,gmghsspattom@yahoo.co.in
 Govt City V. and H.S. S. P. M. G , Shamy P B ,04712303397,vhsscity@gmail.com
 Govt. H. S. Katchani , Shaila Beegom. N ,2369391,ghskatchani@gmail.com
 Govt. V And H S SVattiyoorkave , PUSHPA GEORGE N ,04712360524,gvhsst@gmail.com
 P. S. N. M. Govt. H.S. S. Peroorkada , PRADEEP KUMAR . B ,04712436025,psnmhsspkda@gmail.com
 G. G. H. S. S.Peroorkada , Subhalekshmi O ,04712438219,gghsspkda@gmail.com
 Concordia L. H. S.S. Peroorkada , Anandakumar R L ,2438259,hm.clhss@gmail.com
 Salvation Army H. S.S. Kawdiar , D.R.PAUL ,04712315488,sahsskowdiar@yahoo.com
 Christ Nagar E. H.S. S. , Fr Bino Pattarkalam C M I ,2318485,cnehss@gmail.com
 Nirmala Bhavan GirlsH. S. S. , Dr. Sr. Jolesamma James ,04712317772,nirmalabhavanschool@gmail.com
 R. K. D. N. S. S. H.S. Sasthamangalam , RADHAMONY C S ,04712724374,hmrkdnsshss@gmail.co.in
 Shree Vidyadhi RajaVidya MandirVellayambalam  , SHIMA T.S ,04712729286,vidyadirajatvm@yahoo.com
 St. Joseph`s H. S.S.Thiruvananthapuram , JOHN E JAYAN ,04712471720,stjosephstvpm@gmail.com
 Holy Angel`s ConventH. S. , SR. USHALITA. P.K ,04712476166,holyangels_tvpm@yahoo.co.in
 Govt. Girls V. H. S.S. Pettah , SAJEEV A ,04712479791,43050pettah@gmail.com
 Govt. H. S.Vanchiyoor , BINDU G I ,04712460179,ghsvanchiyoor@gmail.com
 Govt. H. S. S.Pettah , IDA SALEELA C ,04712474081,gbhsspettah@gmail.com
 G. V. Raja SportsSchool Mylam , SREEKALA DEVI.T ,04722889100,gvrajasportsschooltvpm@gmail.com
 St. Mary`s H. S. S.Vettukad , Shri. Raju V ,04712500935,stmarysvtkd@gmail.com
 N. S. S. H. S. S.Palkulangara , B SREEKALA ,04712450381,nsshsspalkulangara@gmail.com
 Govt. H. S.Karikkakom , ANITHAKUMARI AMMA.R ,04712502444,govthskarikkakom@gmail.com
 Fort Boys H. S. , A. VASANTHA KUMARI AMMA ,04712469697,forthighschool@gmail.com
 Fort Girls MissionH. S. Fort , JAYASREE J R ,04712451160,fortgirlsmission@gmail.com
 Govt. H. S. SanskritFort , Sasikala.L ,04712479249,sanskrit.hs.tvm@gmail.com
 St. Antony`s H. S.S. Valiyathura , ANITTA GLADIS.B ,2500635,stantonyshssvaliathura@gmail.com
 Haji C. H. M. K. M.H. S. Vallakadavu , SAJILA R ,04712501040,hchmkmvhss@gmail.com
 Govt. RegionalFisheries TechenicalH. S. Valiyathura , BINDU K I ,04712502813,grfthsvaliathura@gmail.com
" St. Roch's HighSchool, Thope ", SUSI PEREIRA ,2501650,st.rochshs@gmail.com
 St. Philomina`sGirls H. S.Poonthura , Sr SIJI V T ,04712381285,philghs@gmail.com
 St. Thomas H. S. S.Poonthura , JOY PRAKASH ANDREW P.L ,04712381183,hm43066@gmail.com
 B. N. V. V. And H.S. S. Thiruvallom , SUJA ELIZABETH LALAN ,04712381675,bnv.vhss@gmail.com
 V. H. S. S. ForGirls Thiruvallom , SHEEJA O B ,2383275,vhsstvlm@gmail.com
 Govt. H. S.Vazhamuttom , JOSE.P.J ,2481776,vghsvazhamuttom@yahoo.com
 Govt. H. S. S.Kamaleswaram , LOLA.S ,04712458806,govhssk@gmail.com
 Beema Mahin E. M. H.S. Beemapalli , VIJAYA LEKSHMI AMMAL.V ,04712500075,bmbeemahss@gmail.com
 Govt. V. And H. S.S. for GirlsManacuad , VINITHAKUMARI N ,04712471459,govtvhssmanacaud@gmail.com
 Govt. H. S. Kalady , SATHEESH K ,04712344107,ghskalady@gmail.com
 Govt. B H S SKaramana , VALSALA KUMARI C ,04712343529,bhsskaramana@gmail.com
 Govt. H. S.Pappanamcode , RAJESH BABU.V ,04712494307,ghsppd@gmail.com
 Govt. G. H. S. S.Karamana , MINI V P  ,2343571,karamanagghss@gmail.com
 M. M. R. H. S. S.Neeramankara , SUSHAMA BAI.R ,04712490969,mmrhsstvm@gmail.com
 Govt. H. S. S.Punnamoodu , ANITHA V V ,04712400486,ghsspunnamoodu@yahoo.com
 Govt. High SchoolChalai , RAJENDRAN  K ,04712456618,gghschalai@gmail.com
 Govt. Model H. S. S.For Boys Chalai , KUMARI LETHIKA M S ,04712475072,chalaigmbhss@gmail.com
 Govt. Tamil V. AndH. S. S. Chalai , SAJI. V S ,04712476772,pthschalai@gmail.com
 Govt. Central H. S.Attakulangara , Veena B R ,04712474418,centralhs.eastfort@gmail.com
 S. M. V. Model H. S.S.Thiruvananthapuram , SALILKUMAR  O M ,04712330395,smvhsstvm@gmail.com
 Govt. Model B. H. S.S. Thycaud , SHIBU PREMLAL E ,04712323641,modelschooltvm@gmail.com
 Govt. Girls H. S. S.Cottonhill , RAJASREE J ,04712729591,gghsscottonhill@gmail.com
 Carmel E. M. GirlsH. S. S.Vazhuthacaud , ANJANA M ,2337025,carmelghss@gmail.com
 A M H S S Thirumala , B   KRISHNA KUMAR ,04712352179,amhsstml@gmail.com
 C. M. G. H. S.Poojappura , SANTHI.G.S ,04712351132,cmghsschool323@gmail.com
 Chinmaya VidyalayamVazhuthacaud , Mrs. Ashalatha P M ,04712724136,chin_vcaud@yahoo.co.in
 Govt. High SchoolJagathy , SUBHA LAKSHMY.O ,04712326498,ghsjagathy@gmail.com
" Dr.AMMRHSS forGirls, Kattela        ", Liji T ,04712597900,drammrhsskattela@yahoo.com
 New Indian ModelSchool Dubai UAE , Dr. Mohammed Aslam Khan ,042824313,principal@nimsdxb.com
 The New Indian ModelSchool Sharjah , AJITH KUMAR ,065228035,principal@nimsshj.com
" New Indian H S S RasAl Khaimah, U.A.E ", BEENA RANI ,0097172283886,nis_rak@hotmail.com
 Gulf Model SchoolDubai U A E , Salon Mary ,042544222,gmschool@emirates.net.ae
" The English School,Umm Al Quwain ", Mrs. Elizabeth Cherian ,0097167649799,teschool@emirates.net.ae
 The Indian SchoolFujairah U A E , SHEELA THOMAS ,0097192223441,principal@isf.sch.ae
 The Model School AbuDhabi U A E , Mr. Abdul Kader V V ,0097125527200,principal@themodel.ae
 M E S Indian SchoolDoha Qatar , MR.A.P SASIDHARAN ,0097444572888,mesindia@qatar.net.qa
" New Indian ModelSchool  Al Ain,  U AE ", Abdul Karim Arif ,97137811882,principal@nimsalain.com
 The New IndianSchool Umm Al Quwain , Mr. RAFEEQ RAHIM ,97167666965,principal@nisuaq.com
 Cordova EnglishMedium H. S. S.Ambalathara , SHAKEELA BEEGUM. K.H ,04712383839,cordovahss@gmail.com
 S A M Govt M R S SVellayani , MARY R ,04712381601,ayyankalieeschool@gmail.com
 Moulana Azad H. S.Channankara , FRANCIS. M. G ,2751594,moulanaazad23@yahoo.com
 N. S. S. H. S. S.Kesavadasapuram , SHEELA R ,04712542298,nsshskdpuram@gmail.com
 Mary Giri E. M. H.S. Kudappanakkunnu , Rev.Sr.Felcita A ,04712732724,marygirischool@yahoo.com
 Thunchan SmarakaEnglish Medium  H.SAyranimuttom , K.Sudarsanan Nair ,2457479,tsemhs@yahoo.com
 Govt. School ForBlind Jagathy , Abdul Hakeem. K.M ,2328184,gbs.tvpm@gmail.com
 Govt. T. T. I.Manacaud , GEETHA S ,04712473407,govt.ttimanacaud@gmail.com
 St. Roch`s T. T. I.Thope , Sheela.T.G ,04712505068,strochsttithope@gmail.com
 MYSTICAL ROSE SCHOOL , sr.senobi ,04712500457,rosamysticalcbsc@gmail.com
" CRD School,LMSCompound,Thiruvananthapuram ", sheeba kj ,04712316724,principalcrds@gmail.com
 Govt. L. P. S.Aramada , sakthiprabha HM INCHARGE ,9497470313,aramadagovtlps@gmail.com
 Govt. L. P. S. TamilChalai , P.KALA ,8281937015,lpschalatvm@gmail.com
 Govt. L. P. S.Cotton Hill , K BUHARI ,04712721971,cottonhilllps@gmail.com
 Govt. H. S. L. P. S.Karamana , ASOK KUMAR.P ,7356467271,hslpskaramana@gmail.com
 Govt. Model H. S. L.P. S. Thycaud , Shaji M ,04712327657,govtmodellpsnurserythycaud@yahoo.com
 Govt. S. S. L. P. S.Karamana , Sharmila Devi S ,9447698660,gsslpskaramana@gmail.com
 Govt. W. L. P. S.Koliacode , gracy ka ,9526344284,gwlpskoliacode@gmail.com
 Govt. L. P. S.Kunnapuzha , Sreekala.S.N ,9288958838,glpskunnappuzha@gmail.com
 Govt. L. P. S.Mankad , GEETHA C D ,9495409696,glpsmangad123@gmail.com
 Govt. L. P. S.Mudavanmukal , RAJLEKHA .S ,04712352211,1961govtlpsmudavanmugal@gmail.com
 Govt. H. S. L. P. S.Papanamcode , sulekha s s ,9497759183,hslpspappanamcode@gmail.com
 Govt. L. P. S.Sasthamangalam , ANITHA KUMARI A ,2316177,glpssasthamangalam@yahoo.com
 Govt. L. P. S.Trivikramangalam , SANTHI S ,9495020204,43213thrivikramangalam@gmail.com
 Govt. L. P. S.Thiruvallom , Nirmala Devi ,9495482874,thiruvallamlps2014@gmail.com
 Govt. L. P. S.Thycadu , TOMY N U ,9495904071,thycaudlps@gmail.com
 Govt. L. P. S.Valiasala , PREETHA J ,9497848248,glpsvaliasala@gmail.com
 Govt. L. P. S.Valiathura , SAJEENA J ,9048334658,lpgsvaliathura@gmail.com
 M. S. C. L. P. S.Ponnumangalam , SOBHANA T ,9388570731,mangalammsclps1925@gmail.com
 St. Antony`s L. P.S. Poozhikunnu , Easter Bai P ,940096143,stantonylps9@gmail.com
 B. N. V. L. P. S.Punchakkari , SALINI V S ,9526406444,bnvlpschool@gmail.com
 M.S.C. L. P. S.Thrivikramangalam , JOSEPH EAPPAN ,9446100828,msclpsthrivikramangalam@gmail.com
 S. A. L. P. S.Kakamoola ," JOYAMMA,K.L ",9495628237,salpskakkamoola@gmail.com
 R. C. L. P. S.Kalliyil , MARY SHERIN KC ,8921897289,rclpskalliyil@gmail.com
 L. M. S. L. P. S.Kudumpanoor , Geetha Joy.D ,9495655767,lmslpskudumbannoor@gmail.com
 Holycross L. P. S.Palappoor , Sheeja  ,9446039493,holycrosslpschool@gmail.com
 M. S. C. L. P. S.Vellayani , GEORGERETNAM.M.L ,9447768908,msclpsvellayani@gmail.com
 A. N. S. M. E. M. L.P. S Thiruvallom , Mercy George ,9539384261,ansmthiruvallam@gmail.com
 St. Antony`s L. P.S. Vallakadavu , Sr. MARY MAGDELINE P R ,04712506327,stantonyvisschool@gmail.com
 Roy KintergaradenAnd L. P. S.Thirumala , SNEHA T L ,04712351456,roykindergartenlps@gmail.com
 Tolstoy MemorialPublic SchoolShanthivila , RAJASREE A R ,04712390876,tolstoysanthivila@gmail.com
 Govt. L. P. S.Kanjirampara , GEETHA G L ,9495629843,glps.kanjirampara@gmail.com
 Govt. L. P. S.Kuriyathi , ASHA C G ,9497759183,glpskuriathi@gmail.com
 Govt. L. P. S.Mettukkada , AJITHKUMAR V ,04712323433,glpsmettukada@gmail.com
 Govt. L. P. S.Pachalloor , S.REHIYANATH ,9495377164,lpspachalloor@gmail.com
 Govt. W. L. P. S.Panathura , Prabhakumary.S ,9496409356,wlpspanathura@gmail.com
 Govt. L. P. S.Pangode , L SHILAJA ,8281189034,pangode1234@gmail.com
 Govt. L. P. S.Poonkulam , BEENA CHACKO ,04712488919,glpspoonkulam@gmail.com
 Govt. M. N. L. P. S.Vellayani , Udayakumari s ,9037629526,govtmnlps@gmail.com
 Govt.U. P. S.Ambalathara , Lathakumary P ,04712381644,gupsambalathara@gmail.com
 Govt. U. P. S.Beemapally , KRISHNADEVI S G ,04712507123,upsbeemapally@gmail.com
 Govt. U. P. S.Chalai , Beena sarojam.V ,04712477363,hmgupschalai@yahoo.co.in
 Govt. U. P. S. Fort , SHEEBA GOPINATHAN ,8078085601,govtsathramups@gmail.com
 Govt. U. P. S.Poojappura , J MATHUNNNY ,9447318608,gupspoojappura@gmail.com
 Govt. U. P. S.Karumom , KRISHNAKUMARI.K.R ,2492419,gupskarumom@gmail.com
 Govt. U. P. S.Konchiravila , SHEELA.B ,04712462536,govtmodelupskonchiravila@gmail.com
 Govt. U. P. S.Nedumcadu , Sunithakumary .S ,04712346365,nedumcaudupsk@gmail.com
 Govt. U. P. S.Sreeveraham , CHANDRA.P ,9446082895,sptpm.mampazha.gups@gamil.com
 Govt. U. P. S.Thirumala , CHINMAYI.B ,04712368487,gupsthirumala123@gmail.com
 Govt. U. P. S.Valiayathura , SREEKALA. S ,9495200866,gupsvaliyathura@gmail.com
 Govt. U. P. S.Kulasekharam , CHITHRA MARY.B ,04712363681,kupstvmsouth@gmail.com
 Sree Maruthi RamVidya Mandir , LATHA SRINIVASAN ,04712349652,maruthiram2012@yahoo.com
 P. S. M. U. P. S.Muttathara , MINIKUMARI N ,9567697434,psmgmups@rediffmail.com
 S. S. D. SisuviharU. P. S.Vazhuthacaud , Ambili.B.Nair ,04712723374,sisuviharups@gmail.com
 New U. P. S.Santhivila , K.S.SREE KALA ,04712391144,upsshanthivila@gmail.com
 Sreevidhyadhi RajaVidhyalayamKalippankulam , JAYAKUMAR . C ,04712451095,sreevidyadhirajavidyalayam2014@gmail.com
 Muslim AssociationModel U. P. S.Thycadu , Vasantha Kumari P.R ,2329259,muslimassociationmodelschool@gmail.com
 S. V. M. U. P. S.Koliyakode Nemom , LALITHAMMA P ,9400891985,svmupschool@yahoo.in
 Little FlowerConvent SchoolVellayani , SR. ROSAMMA KURIAN ,04712390646,lfcs.tvm@gmail.com
 St. Marys U. P. S.NarippilPappanamcode , ANNAKUTTY A M ,2490407,ktc.sttresia@gmail.com
 Mar Gregorios E. M.H. S. , Thomas T ,04712391564,margregorios75@gmail.com
 St. Antonys U. P. S.Karakkamandapam , Sr.Mary Daisy T.G ,04712491074,stantonysupskkm@gmail.com
 J. V. E. M. SchoolKonchiravila , GAYATHRY DEVI  ,2457360,jvbems@yahoo.com
 St. Johnes U. P. S.Anchamada , Mr.JOHN.T.V ,04712361377,st.johnanchamada@gmail.com
" DCMR,Murinjapalam ", vanajakumari.D ,04712449408,dcmrschool1984@gmail.com
" Rotary Institute forChildren in Need ofSpecial Care,Vazhuthacaud ", Mothi K Habeeb ,04712318214,rotaryspecialchildren@gmail.com
" Govt. V. H. S. S.for the Deaf,Jagathy ", Mrs. Sujatha George ,04712325717,deafschooltvm@yahoo.in
  , No Data Found! , ,HSE
 Govt. L. P. S.Pongumoodu , SALI MATHEW ,9497016472,govtlpspongummood@gmail.com
 Govt. L. P. S.Oruvathilkotta , Ambilikala.s ,04712000000,oruvathilkottalps@gmail.com
 Govt.L. P. S.Oolanppara , SOWMINI.L ( Tr .in charge) ,9895336329,govtlpsoolampara@yahoo.in
 Govt.H. S. L. P. S.Peroorkada , JANET  REYNOLD ,04712430999,ghslpsperoorkada@gmail.com
 Govt. L. P. S.Pettah , G K KALADEVI AMMA ,0000000000,govtlpspettah@gmail.com
 Govt. L. P. S. Fort , P.V.SREEKALESAN ,9447013959,govtlpsfort@gmail.com
 Sanskrit H. S. L. P.S. , Padmakumari.K.V ,9746937205,govt.sanskritlps@gmail.com
 Govt. L. P. S.Vattiyoorkavu , Karthika Soman I ,04712365120,govtlpsvattiyoorkavu@yahoo.in
 Govt. L. P. S.Manchanppara , hm ,9946722457,manchamparaglps@gmail.com
 Holy Cross L. P. S.Paruthippara , BRIJIT.A ,9895334913,holycrosslpsparuthippara@gmail.com
 St. Goretti`s L. P.S. Nalanchira , SR.PONNAMMA  .S ,04712531459,stglps@gmail.com
 Jayamatha L. P. S.Pullottukonam , MINI . L. JOHN ,9495627918,jayamathalps@gmail.com
 L. F. M. S. C. L. P.S. Vettikonam , LEYAMMA P ,04712373832,lfmsclps@gmail.com
  St Peter's L. P. SShangumughom , GENEVIEVE D'SILVA ,04712502450,stpeterslps43316@gmail.com
 St. Joseph`s L. P.S. Palayam , SUMA JOSE K J ,04712337374,st.josephslps1@gmail.com
 Kinder Gaarten L. P.S. Nanthancode , B.Lawrence ,9995829069,kindergartenlps635@gmail.com
 St. Mary`s L. P. S.Vettukadu , RAJU Y ,8547967626,stmaryslpsvettucaud@gmail.com
 St. Ann`s L. P. S.Pettah , LINDA ALBERT ,04712576429,pettahstanneslps@gmail.com
 L. P. S. Vallakadavu , VAHIDHA BEEVI. A ,04712501525,vallakkadavulps2016@gmail.com
 Holy Angel`s ConventL. P. S. , Sr.Rose Margret K  D ,04712479766,holyangelslps@gmail.com
" Infant Jesus CentralSchool, Pongummoodu ", Sr. Lizymol Joseph ,04712559923,ijstvm@gmail.com
 St. Mary`s LPSPattom , SR. LALI ARAKKAL ,04712441880,stmaryslpstvm@gmail.com
 St. Shantal L. P. S.Kowdiar , Sr.Litty ,04712431170,st.shantal@rediffmail.com
 Jawahar Nagar L. P.S. Vellayambalam , REJINI NETTO ,04712723873,jnlps1965@yahoo.com
 Bethlehem L. P. S.Sreekariam , Sr.MERIN KOCHUPALLATHUCHERRY SABS ,2598313,bethlehemschool@gmail.com
 S. C. P. Home L.P.S. , BEENA V ,LP,scphglps@gmail.com
 St. Joseph`s LPSKochuveli , Filicia Gladis ,9847499256,stjosephslps43329@gmail.com
 Govt.U. P. S.Chackai , OMANA S ,9495303365,gupschackai@gmail.com
 Govt. U. P. S.Ulloor , AJITHA.H ,04712444534,govtupsulloor@gmail.com
 Govt. U. P. S.Kumarapuram , Venukumaran Nair V. ,04712449658,modelupskumarapuram@gmail.com
 Govt. U. P. S.Kudappanakunnu , Rehima.V.M. ,04712730141,kudappanakunnuups@gmail.com
 Govt. U. P. S.Kusavarkal , LATHA J ,7907808108,gupskusavarkal@gmail.com
 S. P. T. P. M. U. P.S. Kuravankonam , VIJAYAKUMARI K G ,8921236925,sptpmgups@gmail.com
 Govt. U. P. S.Eanchakkal , RajeswariAmma R ,9633995867,gupseanchakkal@gmail.com
 Govt. U. P. S.Palkulangara , GOPAKUMARY.M.O ,2469583,gupspalkulangara@gmail.com
 Govt. U. P. G. S.Fort , Saji kumar. N. R ,04712574140,upgsfort@gmail.com
 Gvot. U. P. S.Thampanoor , MUHAMMAD RAFI J ,9447101876,gupsthampanoor@gmail.com
 Gvot. U. P. S.Chettikulangara , M O Gopakumary ,9497640320,gupschettikulangara@gmail.com
 Govt. U. P. S.Kunnukuzhy , MARY SEENA N ,9746570915,upskunnukuzhy@gmail.com
 Govt. U. P. S.Cheruvakkal , Ushakumary. K G ,04712590735,gupscheruvaickal@gmail.com
 Concordia U. P. S.Peroorkada , JACOB SAJI E ,04712434430,concordiaups1916@gmail.com
 Infant Jesus U. P.S. Kuravankonam , S.RAJENDRAN ,04712430477,infantjesuscs@gmail.com
 S. R. K. S. T. S.Nettayam , Sudha.S ,9745361871,srkstrustschool@gmail.com
 T. E. M. U. P. S.Peroorkada , AMMINI S S ,9497693070,temupsprkd@gmail.com
 V. M. J. U. P. S.Vallakadavu , NOORJAHAN.H ,9995252815,vmjupstvm@gmail.com
 L. M. S. U. P. S.Contonment , AJITHA L ,9400830430,lmsupstvm@gmail.com
 St. Ephren`s U. P.S. Cheruvayakkal , ANNIE CHACKO ,04712442867,stemsp@gmail.com
 U. P. S.Valiaudeswaram , Jayasree R ,9446967153,valiyaudeswaramups@gmail.com
 Govt. L.P.S. ValiyaUdayeswaram , Sheejamony S ,8590849701,glpsvaliaudeswaram@gmail.com
" MARION PLAY HOME,MANNANTHALA  ", THANKAMANI.P ,04712534100,marionplayhome83@gmail.com
" ST.Mary's TeacherTraining Institute,Pattom ", MARIAMMA GEORGE ,04712447354,stmarysttipattom@gmail.com
 St. Roch's TTI Thope , Sheela T G  ,04712505068,strochsttithope@gmail.com
  , No Data Found! , ,HSE
  , No Data Found! , ,HSE
 Technical HigherSecondary SchoolMuttada , Anandakuttan T K ,9446705240,thssmuttada.ihrd@gmail.com
 St. Thomas L.PSchool Pothencode , Mrs. Leelamma Cyriac ,2419373,stthomaslpspothencode@gmail.com
 Govt. L. P. S.Attinkuzhy , SOFIA M ,9746866154,glpsattinkuzhy@gmail.com
 Govt. L. P. S.Channankara , vacant ,9544522697,glpsckkara1919@gmail.com
 Govt. L. P. S.Cheeranikkara ,  Sharafudeen E ,04722830071,esharafudeenpgd@gmail.com
 Govt. L. P. S.Cheramanthuruthu , SHEEJAMONY S ,04712428426,glpscheramanthuruth@gmail.com
 Govt. L. P. S.Kadinamkulam , USHA KUMARY K G ,9447906679,lpskadinamkulam@gmail.com
 S. K. V. L. P. S.Kadinamkulam , Madhu S ,9495394459,gskvlpskadinamkulam19@gmail.com
 Govt. . LP. S.Kanniyakulangara , VIMALA P ,04722834358,glpskanya1357@gmail.com
 Govt. L. P. S.Karichara , VENUKUMARAN NAIR V ,04712757088,glpskarichara@gmail.com
 Govt. L. P. S.Koppam , Sulaigha N S ,0472581333,glpskoppam1333@gmail.com
 Govt. L. P. S.Korani , ALBAYAN  M ,04712427272,glpskorani@gmail.com
 Govt. H. S. L. P. S.Kulathoor , vacant ,123456,ghslpskulathoor@gmail.com
 Govt. H. W. L. P. S.Kulathoor , Ramesan.R ,9446048225,ghwlpskulathoor@gmail.com
 Govt. R. L. P. S.Kulathoor , BEENA CHACKO ,7994343556,govtrlpskulathoor@gmail.com
 Govt. L. P. S.Kuttiyani , Ushakumari C ,04722586683,glpskuttiyani@gmail.com
 Govt. L. P. S.Manakkal , Mini.V.S ,2598226,manackallps@gmail.com
 Govt. L. P. S.Mangalapuram , HAJISA H ,04712617319,mangalapuramlps@gmail.com
 Govt. L. P. S.Monvila , L SHEEJA ,04712599722,glpsmonvila@gmail.com
 Govt. L. P. S.Menamkulam , DAISE MARY SEBASTINE ,04712705326,menamkulamlps@gmail.com
 Govt. L. P. S.Murukkumpuzha , P Geetha ,04712424201,lpsmurukkumpuzha@gmail.com
 Govt. L. P. S.Nannattukavu , Geethakumari S ,04712719665,glpsnannattukavu@gmail.com
 Govt. L. P. S.Pirappencode , SUSHAMAKUMARI C I ,04722581252,glpspirappancode@gmail.com
 Govt. L. P. S.Punkummoodu , SAJITHA KUMARY .G S ,047122585570,hmlpspkm@gmail.com
 Govt. L. P. S.Puthenthope , Thahira beevi.R ,2750139,ptpglps@gmail.com
 Govt. L. P. S.Thachappally , SAIDA S ,04712427800,glpsthachappally@gmail.com
 Govt. L. P. S.Thalayil , ZEENA N I ,04722831555,glpsthalayalvbm@gmail.com
 Govt. L. P. S.Thekkada , LAILA.A ,04722834300,thekkadalps@gmail.com
 Govt. L. P. S.Thiruvelloor , R GEETHAKUMARI ,04712410384,govtlpsthiruvelloor@gmail.com
 Govt. L. P. S.Thonnakkal , JYOTHI SREE G ,04712427538,glpsthonnakkal.tvm@gmail.com
 Govt. L. P. S.Thumba , SUNITHA B ,04712705126,govtlpsthumpa@gmail.com
 Govt. L. P. S.Uthiyaramoola , ANSARBEEGOM S ,LP,govtlpsuthiyaramoola43431@gmail.com
 L. P. S.Kailathukonam , MINI H S ,04712618526,lpskailathukonam@gmail.com
 Sainik L. P. S. , JAYAKUMAR S ,9447063699,sainiklps50@gmail.com
 St.Antony`s L. P. S.Vadakkumbhagam , MANOJKUMAR.G ,9447857290,st.antonyslpskzm@gmail.com
 St.Thomas L. P. S.Veli , SHARLET ALMEIDA J ,8547442597,stlpveli@gmail.com
 C. S. I. Kazhakuttom , LEKHA GANGADHARAN ,04712416368,csiemskazhakuttom@gmail.com
 A.G.J.M SchoolKariavattom , SR.REGIN MARY D M ,04712416445,agjmskariyavattom@gmail.com
 Govt. L. P. SAndoorkonam , Zeenath Beegum M ,04712754086,andoorkonamglps@gmail.com
 Govt. L. P. S.Chenkottukonam , HILDA D Y ,04712712986,chenkottukonam43440@gmail.com
 Govt. L. P. S.Kanjikkal , Jayasree.S.R. ,9446221530,govtlpskanjickal@gmail.com
 Govt. L. P. SKariyam , PREETHA V(In Charge) ,8547633608,govtlpskariyam@gmail.com
 Govt. L. P. SManalakom , GIRYKUMARY O ,04712427033,glpsmanalakom@gmail.com
 Govt. L. P. S.Pallippuram , SHEEJA (FOR HM) ,04712110038,glpspallippuram@gmail.com
 Govt. L. P. S.Pattathil , B.BEENA ,04712427676,hmpattathil@gmail.com
 Govt. L. P. S.Vellanickal , Girijakumari L V ,8086168634,glpsvellanickal@gmail.com
 Govt. U. P. S.Chanthavila , Ramesan R ,6282697498,chanthavilagups@gmail.com
 Govt. U. P. S.Edavilakom ,  ML RENUKA ,04712420442,edavilakomups@gmail.com
 Govt. U. P. S.Kalloor , SHAMEENA BEEGUM H ,04712427915,gupskalloor@gmail.com
 Govt. U. P. S.Kaniyapuram , Najumudeen.M ,04712752651,gupskaniyapuram@gmail.com
 Govt. U. P. S.Kariavattom , Baby Shammi Gaffoor ,04712412810,gupskvtm@gmail.com
 Govt. U. P. S.Kattaikonam , NAHAS M ,04712717562,gupskattayikonam@gmail.com
 Govt. U. P. S.Koliacode , K.KRISHNAN NAIR ,04722582387,gupskoliyakode@gmail.com
 Govt. U. P. S.Konchira , SHEELA K ,04722582007,gupskonchira@gmail.com
 Govt. U. P. S.Kuzhivila , Anilkumar M R ,9526996723,govtupskuzhivila@gmail.com
 Govt. U. P. S.Parakkal , JAYASREE E R ,04722875163,gupsparackal@gmail.com
 Govt. U. P. S.Pothencode , M.Salavudeen ,04712419402,gupspothancode@gmail.com
 B. P. M. U. P. S.Vettuthura , MOLLY ANTONY D ,04712753850,bpmupsvettuthura1@gmail.com
 E. V. U. P. S.Thonnakkal , I R LEENA ,04712715278,evupschool@gmail.com
 New U. P. S.Cheeranikkara , Sreelatha P S ,04722832269,sreelathaps@ymail.com
 St.Andrews U. P. S.Chittattumukku , Hera rajan J ,04712704826,hmstandrews3@gmail.com
 St.Thomas U. P. S.Pothencode , Thresiamma V S ,04712719563,stthomasups1950@gmail.com
 St.Ignatious U. P.S. Puthenthope , SUGATHA  C R ,04712753048,stignatiousupsputhenthope@gmail.com
 Govt.L. P. S.Alummoodu , Nabeesath Beevi.J ,04712757470,glpsalummoodu@gmail.com
" St.Martha's SpecialSchool for MentallyChallenged,Menamkulam ", Sindhu T.J ,9656714400,stmarthaspecialschool@gmail.com
" Shalom SpecialSchool,KEMHCentre,Vattappara ", SAJAYLAL T K ,04722585035,shalomkemcv@gmail.com
 S V B H S SSanthigiri Ashram , Janani Kripa Jnanatapaswini ,8113925007,santhigirividyabhavanhss@gmail.com
  , No Data Found! , ,HSE
  , No Data Found! , ,HSE
  , No Data Found! , ,HSE
  , No Data Found! , ,HSE
 Technical HS Ulloor , SUNIL KUMAR. D ,04712590079,thsulloor@gmail.com
  , No Data Found! , ,HSE
" Chinmaya VidyalayaAttukal, Manacaud ", Lekshmi M S ,04712455692,chinmayaattukal@gmail.com
  , No Data Found! , ,HSE
  , No Data Found! , ,HSE
  , No Data Found! , ,HSE
  , No Data Found! , ,HSE
  , No Data Found! , ,HSE
  , No Data Found! , ,HSE
  , No Data Found! , ,HSE
 M. V. H. S. S.Arumanoor , C.J Bhava ,04712210624,mvhssarumanoor44001@yahoo.com
 Govt. V. H. S. S.Poovar , PUSHPA BAI V M ,04712210354,gvhsspoovar@gmail.com
 Vimala Hridaya H. S.Viraly , SR.  SHERLY W ,04712213884,vimalahridayahsviray@gmail.com
 H. S. Balaramapuram , SUNILKUMAR.M.R ,04712402706,highschoolblpm@gmail.com
 N.K.M Govt. H.S.S.Dhanuvachapuram , VASANTHAKUMARI S ,04712232542,nkmghssdvpm44005@gmail.com
 Govt. H. S for GirlsDhanuvachapuram , BAHULEYAN S ,04712232492,gghsdhanuvachapuram@gmail.com
 N. S. S. H. S. S.Dhanuvachapuram , Sreelatha R S ,04712230939,nssghsdpm@gmail.com
 P. K. S. H. S. S.Kanjiramkulam , SHIBU C ,04712260607,headmaster.pkshss@gmail.com
 Panchayath H. S.Kanjiramkulam , SREEKUMAR S ,04712265131,panhs44009@gmail.com
 Govt. H. S.Paraniyam , Brijet E L ,04712261628,govtvhssparaniyam44010@gmail.com
 Leo XIII H. S. S.Pulluvila , Prameela Forgod A ,2260229,leopulluvila@gmail.com
 Govt. High School Kanjiramkulam , RADHA.V.K ,2261351,44012ghskanjiramkulam@gmail.com
 St.Chrysostom G.H.SNellimoodu , LITTLE M P ,2261060,scghs44013@gmail.com
 St. Helen`s Girls H.S. Lourdepuram , SR. ELSAMMA THOMAS ,04712261231,sthelensghs@gmail.com
 P. P. M. H. S.Karakonam , REMADEVI THANKACHI G ,04712250316,hmkarakonam@gmail.com
 V P M   H S SVellarada , S K RICHARDSEN ,04712242149,vpmhshm@gmail.com
 St. Thomas H. S. S.Amboori , Sr Brigeethamma Abraham ,04712245343,stthomashss.amboori4@gmail.com
 P. R. W. H. S. S.Kattakada , GILDA S ,04712293096,prwhssktda@yahoo.com
 Govt. H. S. S.Kulathummel , MEENA J V ,04712290102,hsskulathummel@gmail.com
 Govt. V & H.S.S.Poovachal , GEETHA K ,04722895960,govthsspoovachal44020@gmail.com
 Govt. V And H S SKulathoor , THANKAM N K ,04712210088,gvhssntak@gmail.com
 Govt. V. H. S. SMalayinkil , JAYALEKHA ,2283120,gvhss44022@gmail.com
 Govt. H. S. S.Vilavoorkal , GOPAKUMAR  R ,04712282865,44023ghssvilavoorkal@gmail.com
 Govt. H. S. S. forGirls Malayinkil , Sherly Thomas ,04712283020,gghssmalayinkil@yahoo.com
 St. Xavier`s H. S. SPeyad , ROSELEND  KUMARI .K.G ,04712289098,stxaviershss44025@gmail.com
 N. S. S. H. S.Chowalloor , BEENA S NAIR ,04712378865,nsshschowalloor44026@gmail.com
 D. V. M. N. N. M. H.S. S. Maranalloor , HARIKUMAR.V.S ,04712298709,dvmnnmhss44027@gmail.com
 Govt. H. S. Kandala , K.I.BINI ,04712298675,govthskandala44028@gmail.com
 Govt. H. S. S.Marayamuttom , MADHUSOODANAN NAIR S ,04712275257,ghssmtm@gmail.com
 M. G. M. H. S.Poozhanadu , Rajasree S ,04712255232,mgmhsp@gmail.com
 J. P. H. S. S.Ottasekharamangalam , U.MADHUSOODANAN NAIR ,04712255241,jphssosm@gmail.com
 New H. S. S.Nellimood , Ajitha Rani  V  ,04712263838,newhss.nellimood@gmail.com
 Govt. V. H. S. S.Kottukal , CELIN C L ,04712269056,gvhsskottukal@gmail.com
 V.V.H.S S Nemom  , DINESKUMAR . H.S ,2392143,vvhssnemom44034@gmail.com
 Govt. H. S. S.Neyyattinkara , KALA G S ,04712222434,gbhssnta@gmail.com
 Govt. M. T. H. S.Ooruttukala , Meera Sahib. J ,04712222560,govtmthsooruttukala@gmail.com
 Govt. H S S forGirls Neyyattinkara , ANI HELAN B ,2222209,gghssnta44037@gmail.com
 P. G. M. V. H. S. S.Pullamala , LATHIKAKUMARI G L ,04712220913,pgmvhss@gmail.com
" St.Thereses ConventGirls H.S.S,Neyyattinkara ", Sr. Flory Joseph ,2225182,st.theresesc@yahoo.in
 Evans H. S.Parassala , SHAHJI SANTHOSH KUMAR. P.T ,04712200689,evans44040@gmail.com
 Govt. V. H. S. S.And H. S. S.Parassala , CHANDRIKA.J ,04712202331,202331school@gmail.com
 Samuel L. M. S. H.S. Parassala , MARY JAIN.S ,2203109,samuellmshsparassala@gmail.com
 L. M. S Tamil H. S.Parassala , SREELATHA    P.R ,2205491,lmstamil.school289@gmail.com
 Govt. K .V. H. S.Ayira , CHRYSTAL JOHN J S ,04712200915,gkvhsayira44044@gmail.com
 P.T.M.V.H.S.SMaruthoorkonam , SREEKUMARI   R ,04712266823,ptmhs1976@gmail.com
 V P S H S S for BoysVenganoor , BINDU M R ,04712480231,vpsbhss@gmail.com
 St. Mary`s H. S. S.Vizhinjam , REENA LOUIS ,04712481714,stmaryshssvzm@yahoo.com
 Rosa MysticaResidential HigherSecondary School , LATHA S ,04712268732,rmohss@gmail.com
 H.S.S for GirlsVenganoor , UMA V S ,04712480956,girlsvenganoor44049@gmail.com
 Govt. Model H. S. S.Venganoor , KALA.B.K ,04712480125,gmhssvenganoor125@gmail.com
 St. John`s H. S. S.Undancode , JAYAN G ,04712250245,stjohnsundancode@gmail.com
 Vrindavan H. S.Vlathankara , ANITHAKUMARI S ,04712236795,vrindavanschool@gmail.com
 Govt. H. S. S NeyyarDam , SHREELATHA I M ,0471272375,ghssneyyardam@yahoo.in
 High School Vavode , Premeeladevi K S ,2272226,vavodehs44054@gmail.com
 Govt. V. H. S. S.Veeranakavu , DAMODARAN PALLATH ,2290429,veeranakavuschool@gmail.com
 Victory Girls H. S.Nemom , RADHIKA V NAIR ,04712391395,vghssnemom44056@gmail.com
 M. C. H. S. S.Kottukalkonam , S.Kalakumari ,2403698,44057mchss@gmail.com
 K. P. M. H. S.Krishnapuram , ANITHA.R.NAIR ,04712407948,kpmhs44058@gmail.com
 Govt. H. S. S.Balaramapuram , JAYASREE S ,04712400381,hssbal@gmail.com
 Govt.V and H S SParuthippally , IRINE C P ,04722852265,gvhsspplly44060@gmail.com
 St. Mary's H. S. S.Kamukincode , SUNIL KUMAR .A ,2222771,stmaryshskamukincode@gmail.com
 Govt. H. S. S.Mylachal , Rani Sreedhar  ,04712255464,govthssmylachal@gmail.com
 Govt. H. S. S.Keezharoor , SALOMI A ,04712275826,govt.hsskeezharoor@gmail.com
 L. F. H. S.Anthiyoorkonam , JAYASREE B G ,04712282138,lfhsanthiyoorkonam44064@gmail.com
 Victory V H S SOlathanni , G.GEETHA KUMARI ,04712222748,victoryvhss44065@gmail.com
 L. M. S. H. S. S.Chemboor , SUHITHA KUMARI M K ,2255684,lmshsschemboor44066@gmail.com
 St. Mathew`s H. S.Pozhiyoor , M. JAIN ,04712211054,stmathewshs79@yahoo.in
 Govt. H. S. Plavoor , BABURAJ T K ,04712290670,itplavoor@yahoo.in
 Govt. H. S.Perumpazhuthoor , MINI E R ,04712221588,ghsperumpazhuthoor44069@gmail.com
 L M S  H S S Amaravila , SHEEBA SHERIN M S ,2224431,amarlms123@gmail.com
 Govt. H. S. S.Anavoor , Shahubanath.s ,04712275395,hsanavoor@gmail.com
 Govt. L.V. H.S.S.Arayoor , SINDHU P S ,04712232810,arayoorlvhss@gmail.com
 Govt. H S SThirupuram , POUL CHRISTY.D.J ,04712211034,hsthirupuram44073@gmail.com
 St. Philip SadhuSamrakshana KendraSchool , Ajitha kumari .A ,04712290925,frphiliphss@gmail.com
 N.S.S. E. M. SchoolDhanuvachapuram , SHEELA RANI. S ,04712230320,nssemhs44075@gmail.com
 Nazareth HomeE.M.H.SBalaramapuram , Rev. Fr. Shinu Mathew ,04712400319,nazarethomekc@yahoo.com
 Shree Vidyadhi RajaVidya Nilayam H. S.S Neyyattinkara , SREEKANTAN NAIR N ,04712222489,shreevidyadhiraja@gmail.com
 Auxilium H. S.Vazhichal , Sr. Smitha Thomas ,2249120,auxiliumhsvazhichal@gmail.com
 TRINITY ENGLISH ANDMALAYALAM MEDIUM HSEDACODE , C S Bindu Das ,2393522,trinityeducation1992@gmail.com
 Govt. H. S.Utharamcode Iruveli , Reginald Dixon Raj .M F ,04722850444,ghsutharamcode44357@gmail.com
 Kannasa Mission HighSchool , C.R.SREEDEVI ,04712289561,kannasamissionhs@gmail.com
" Neo Dale SecondarySchool, Killi,Kattakada ", ANITHA THAMPI ,04712293306,neodaleschool@gmail.com
 Angels H. S. Poovar , Elsamma Joseph ,2210687,angelsschoolpvr@gmail.com
 Govt. L. P. S.Avanakuzhy , PRABHA.S ,04712403464,glpsavanakuzhy@gmail.com
 Govt. L. P. B. S.Chowara , LEENA ,2266115,lpbschowara@gmail.com
 Govt. L. P. S.Chundavilakom , Jayalatha .Y.D ,8078280155,chundavilakamlps@gmail.com
 Govt. L.P.S.Kazhivoor Moolakkara , SHEEBA GOPINATHAN ,04712266550,govtlpskazhivoor@gmail.com
 Govt. L. P. S.Kidarakuzhi , SREELETHA.G.L ,04712485515,lpskidarakuzhi@gmail.com
 Govt. L. P. S.Kottukal , BINDU S.S ,04712266033,glpskottukal44206@gmail.com
 Govt. D. V. L. P. S.Kottukal , R.Remadevi ,9961492711,gdvlpskottukal@gmail.com
 Govt. L. P. S.Kottukal puthalam , REMADEVI. K ,04712266558,44208puthalam@gmail.com
 Govt. S. N. V. L. P.S. Kovalam , Lali V L ,9895561892,snvlpskovalam@gmail.com
 Govt. P. V. L. P. S.Kuzhivila , SREELATHA.B.S ,04712405020,govtpvlpskuzhivila@gmail.com
 Govt. K. V. L. P. S.Mulloor , RANI.R ,9495823889,kvlpsmulloor12@gmail.com
 Govt. L. V. L. P. S.Mulloor , JOSEPH J ,04712484045,glvlpsmulloor@gmail.com
 Govt. L. P. S.Muttakkad , SHEEBA .V.R ,2483015,glpsmuttacaud@gmail.com
 Govt. L. P. S.Nellivila , Ushakumari K ,9446323351,nellivilaglps@gmail.com
 Govt. S. V. L. P. S.Pooncode , Kumarisheela s ,04712406077,gsvlps44215@gmail.com
 Govt. K. V. L. P. S.Thalayal , MERCY P  ,9744822550,kvlpsthalayal@gmail.com
 Govt. K. V. L. P. S.Thongal Nellimoodu , Anitha  ,8547702585,lpsthongal@gmail.com
 Govt. L. P. B. S.Venpakal , Binu B ,9447254634,govtlpbsvenpakal@gmail.com
 Govt. L. P. G. S.Venpakal , JAYASREE LETHA L T ,9447254634,lpgsvenpakal@gmail.com
 Gvot.L.P.SMudippuranadaVenganoor , Rajeswari s ,04712482400,glpsmudippuranada@gmail.com
 Govt. L. P. S.Vizhinjam , SHEELA KUMARI.L ,9495406509,govtlpsvizhinjam69@gmail.com
 Govt. S. V. L. P. S.Vizhinjam , SAINABEEVI.F ,8593029181,gsvlps44222@gmail.com
 Govt. H. A. L. P. S.Vizhinjam , John Shyson. M. G ,9495746561,govt.halpsvzm@gmail.com
 Lutheran L. P. S.Anthiyoor , Latha kumari .C.H ,LP,lathakumarich1967@gmail.com
 D.V.L.P.S Thalayal , Reshmi S  Nair ,9995061268,reshmisaikuttan@gmail.com
 B. F. M L. P. S.Avanakuzhi , Sheeja Rini .D.K ,9961866860,sheejarinidk@gmail.com
 M. S. C L. P. S.Balaramapuram , AJITHA.S T ,7025082170,44227msclpsblpm@gmail.com
 St.Josephs L. P. S.Balaramapuram , MERCY BAI YK ,9447894171,44228lpsbalaramapuram@gmail.com
 St. Josephs L. P. S.Chowara , Martin.S.T ,04712266456,44229stjoseph@gmail.com
 L. M. S L. P. S.Mangalathukonam , JALAJA KUMARI S R ,9497692936,44230lmslps@gmail.com
 P. T. M L. P. S.Maruthoorkonam , PREMKUMAR A.M ,04712266126,ptmlpsmaruthoorkonam@gmail.com
 M. S. C L. P. S.Kannancode , K C Jacob ,9447250719,msclpskannancode@gmail.com
 L. M. S L. P. S.Muttakkad , A.P.SanthaKumari ,9605150874,lmsmuttakkad@gmail.com
 M. S. C L. P. S.Pamamcode , Dolly J ,9846554105,44234pamamcode@gmail.com
 S. A L. P. S.Paruthanpara , V.L.Mohan ,9745223204,salpsparuthanpara@gmail.com
 K. V L. P. S.Punnakkad , AUGUSTIAN C ,9446258811,augustianc1965@gmail.com
 L. M. S L. P. S.Venganoor , SANUJA .M.L. ,8281285702,lmslpsvenganoor@gmail.com
 St. Aloysious L. P.S Vengannoor , PHILOMINA S M ,9526798010,staloysiuslps44238@gmail.com
 M.K.M.L.P.S Pongil , JUSTIN JOHN WERSELY ,04712263256,hmpongil@gmail.com
 St.Marys L. P. S.Vizhinjam , SELVARAJ J ,04712485946,smlps44240@gmail.com
 Stella Marys L. P.S. Nellimoodu , SR. SHALOM MARIA D.M ,04712263721,stellamarislps@gmail.com
 Govt. U. P. S.Athiyannoor , SHEELARAJ A S ,04712220221,44242athiyannoor@gmail.com
 Govt. U. P. S.Mulloor Panavila , D.J.Sam ,04712266336,gupsmulloorpanavila@gmail.com
 Govt. U. P. S. Nemom , JAYACHNDRAN V. ,04712392068,gupsnemom@gmail.com
 Govt. U. P. S.Puthichal , PRAMEELA T ,2406216,puthichalgups@gmail.com
 Govt. U. P. S.VenganoorBagavathinada , Muraleedharan. R ,04712405803,bhagavathinadaups@gmail.com
 L. M U. P. S.Adimalathura , A.Lekha ,9497003943,lekhaa1965@gmail.com
 M. V U. P. S.Chowara , SHIJI S R ,9497264789,shijisr25@gmail.com
 S. N U. P. S.Kattachalkuzhi , PRADEEP P S ,0471244249,kattachalkuzhisnups@gmail.com
 S. R. S U. P. S.Pallichal , Santhichandra.S ,8129756216,pallichalsrsups@gmail.com
 D. V U. P. S.Thalayal , KUMARI RADHIKA L N ,04712406015,dvupsthalayal@gmail.com
 S. A. S U. P. S.Venganoor , Ajitha T ,9446316226,sasupsvenganoor@gmail.com
 St.Josephs U. P. SVenniyoor , MARRYKUTTY T J ,7025811316,upsvenniyoor@gmail.com
 St. Francis De salesE. M SchoolKalluvettankuzhi , SHINY THOMAS ,04712483447,sfsschoolvzm@gmail.com
 St. Mary`s L. P.School Venniyoor , PREETHA T ,04712487196,st.maryscentralschoolvenniyoor@gmail.com
" Eskay Public School,Naruvamoodu ", S Sunitha ,2391707,eskayps@gmail.com
 Govt. L. P. S.Aruvikkara Punnavoor , USHA KUMARI I ,04712298089,glpspunnavoor93@gmail.com
 Govt. L. P. S.Chempanacode , VIMALA BAI O ,9495833045,glpschempancode@gmail.com
 Govt. T. L. P. S.Cherucode , RAHMATH BEEGUM.P.M ,04712288578,beegumrahmath54@gmail.com
 Govt. L. P. S.Kadampanad , SEBASTIAN C ,LP,glpskadampanad@gmail.com
 Govt. L. P. S.Kandankulangara , RETNAKARAN.M ,9846705561,glpskkulangara@gmail.com
 Govt. L. P. S.Kattakkada , ZEENATHU BEEVI. M. ,04712294045,lpsktda@gmail.com
 Govt. P. S. M. L. P.S. Kattakkada , C.KRISHNAN KUTTY ,04712290886,gpsmlpsktda@gmail.com
 Govt. L. P. S.Konniyoor , MARY ELBERIN J C ,04722895230,govtlpskonniyoor@gmail.com
 Govt. L. P. S.Kulathummel , Jayasree K G HM in charge ,04712290945,kulathummellps@gmail.com
 Govt. L. P. S.Kunnanad , SASIKALA L ,9895716201,kunnanadglps@gmail.com
 Govt. L. P. S.Kuruthencode , SREEKALA.S ,9496748596,kuruthamcodelps@gmail.com
 Govt. L.. P. S.Kuzhakkad , PRABHA.S ,04722896133,glpskuzhakad2@gmail.com
 Govt. L. P. S.Machel , HEBZEBA.R.S ,2282264,machelschool@gmail.com
 Govt. L. P. B. S.Malayinkil , RAMEELA R ,04712282422,glpbs.mkl@gmail.com
 Govt. L. P. G. S.Malayinkil , JAYA NATH.S. ,04712282374,mklglpgs@gmail.com
 Govt. L. P. S. Mylam , BINDU BN ,9447699750,glpsmylam@gmail.com
 Govt. L. P. S.Neduvantharatta , Jaya Sree S. ,04712271880,govtlpsneduvantharatta@gmail.com
 Govt. L. P. S.Ooruttambalam , LETHA.N ,04712298050,lpsooruttambalam44318@gmail.com
 Govt. L. P. S.Panniyode , freeda jasmin C ,9400642931,govtlpspanniyode@gmail.com
 Govt. L. P. S.Paruthippalli , Brijit Chacko ,04722851256,glpsparuthippally@gmail.com
 Govt. L. P. G. S.Poozhanad , HAJAR BEEVI A ,9446872395,glpspoozhanad@gmail.com
 Govt. L. P. S.Thottampara , C.B.AJITHA ,9495154195,glpsthottampara@gmail.com
 Govt. L. P. S.Thuruthumoola , PADMAKUMARI S ,8281814627,govtlpsthuruthummoola@gmail.com
 Govt. L. P. S.Vilappil , BINDU S ,04712270290,glpsvilappilpeyad@gmail.com
 Govt. T. L. P. S.Vlavetty , S USHAKUMARI ,04722850335,triballpsvlavetty@gmail.com
 L. M. S. L. P. S.Arumaloor , SUJATHA KUMARI G ,9495022461,lmslpsarumalloor@gmail.com
 L. M. S. L. P. S.Chemboor , GILBERT RAJ V J ,2257231,lmslpschemboor@gmail.com
 S. A L. P. S.Chengalloor , Joy M ,7356818511,salpschengalloor@gmail.com
 St.Francis U. P. S.Ezhacode , RENUKA G R ,04712285001,stfrancisups.hm@gmail.com
 St. Annas L. P. S.Kallikkad , Anitha.s ,04712271826,stannaslps16@gmail.com
 Lutharan L. P. S.Kanacode , IRENE CHRISTY D ,8547184575,lmlpskanacode@gmail.com
 R. C L. P. S.Keezharoor , JASEENTHA.M ,9446308102,HSE
 M. P. M L. P. S.Killi , SHEELA K S ,04712291722,lpskilli1964@gmail.com
 St. Mathews L. P. S.Kuchapuram , SR .JOGI MOL M.V ,04712257122,stmathewslpskpm@gmail.com
 St. Marys L. P. S.Kundamanbhagam , BHASI RAJ R ,7907142321,stmaryskundamanbhagam@gmail.com
 L. M.  L. P. S.Madathikonam , SURESH S B ,9567417200,madathikonamlutheranlps@gmail.com
 Ezhakonam L. P. S.Manchadi , REJI L R ,9446417650,manchadilps@gmail.com
 L. M. L. P. S.Mandikalam , MINIMOLE M ,9495522505,mandikalamlmlps@gmail.com
 Dr. Lohia MemorialL. P. S.Mannadikonam , L .JAYA ,04712297106,jayalrohini@gmail.com
 S. G. N. M  L. P. S.Marthandeswaram , shyni p wills ,04712409417,sgnmlpsmarthandeswaram@gmail.com
 B. F. M. L. P. S.Marukil , SONIYA.P.H ,9447657627,bfmlpsmarukil@gmail.com
 L. M. S. L. P. S.Mulayara , LALITHA.D ,04722884399,lmslpsmulayara@gmail.com
 St. Alberts L. P. S.Muthiyavila , K P ALEXBOSCO ,9020054261,stalbertlps44343@gmail.com
 Lutharan L. P. S.Mylakkara , Ida Mabel J B ,9495983548,idamabeljb@gmail.com
 L. P. S.Ottasekharamangalam , AJAYAKUMAR G ,04712255070,glpsosm@gmail.com
 L. M. L. P. S.Perumana , ROSE MARY .K. ,2215009,lmlpsperumana2017@gmail.com
 A. K. M. L. P. S.Pezhummoodu , SHIBU.P.GEEVARGHESE ,04722851398,akmlpspzmd@gmail.com
 S. N. D. P. L. P. S.Plampazhinji , Thomas Mathew ,9446552963,thomasamboori@gmail.com
 St. Thresias L. P.S. Thoongampara , K BHAKTHAVALSALAN ,04712295785,lpsthoonganpara@gmail.com
 L. M. L. P. S.Thumarichal , SHEEJA.K. SATHYAN.M.S ,04712299078,lutheranlpsthumerichal@gmail.com
 L. P. S. Vavode , K PRAKASH ,8304808212,lpsvavode@gmail.com
 St. Thresias L. P.S. Veliyamcode , VILASINI.S. ,9495266145,svilasini62@gmail.com
 Govt. U. P. S.Kuttamala , SHEELA.I.G ,04712246280,upskuttamala@gmail.com
 Govt. U. P. S.Ooruttambalam , VIVEKANANDHAN ,04712299630,upsooruttambalam@gmail.com
 Govt. U. P. S.Poovachal , GEETHA S ,04722896017,gupspoovachal1@gmail.com
 Govt. U. P. S.Russelpuram , GEETHAKUMARI.S ,04712408801,russelpuramgups@gmail.com
 Govt. U. P. S.Vilappilsala , BALU C R ,04712289081,gupsvilappilsala@gmail.com
 St.Francis L. P. S.Ezhacode , MAYA. K.R ,9495727819,stfrancislps@gmail.com
 St. Thresias U. P.S. Konniyoor , SR. MABLE.A ,04722896190,teresasupskonniyor@gmail.com
 St. Antonys U. P. S.Kattakkode , JAPARAJ P J ,04712291015,saupskattakode1923@gmail.com
 Panchyat U. P. S.Kottoor , SULABHA AL ,04722850035,govupskottoor14@gmail.com
 St. Marys U. P. S.Marygiri , Marykutty Thomas ,9846593678,stmarysupsmarygiri@gmail.com
 U. P. S. Mylakkara , J Soman ,2271214,mylakkaraups@gmail.com
 T. K. D. M. U. P. S.Panniyode , JOTHI S R ,9633673434,tkdmups12@gmail.com
 S. S. M. U. P. S.Poozhanad , R.Ajikumar ,04712255626,upspoozhanad@gmail.com
 L. M. S. U. P. S.Uriyacode , LALITHA D ,04722883060,lmsupsuriacode@gmail.com
 Karmalamatha E. M.S. Punnavoor , Somaprabha S L ,04712298643,carmalamatha643@gmail.com
 G Sukumaran M. U. P.S. Vilappilsala , M K K KURUP ,04712289287,kurupmkkgsnm@gmail.com
 Bala Barathi SchoolKundamanbhagam , SivaSubramoniam ,2369723,balabharathyschool@gmail.com
 Good shepherd E. M.S Manappuram , SR SILVY  C.V ,04712279168,goodshepherdups@gmail.com
 St.Josephs E. M. SVavode , Sr. LISSY THOMAS. ,04712272945,stjosephvavode@gmail.com
 Vincenzo MariaSarnelli EnglishMedium School , Sr.Shari ,04712291452,sarnellischool@gmail.com
" St.Joseph E MSchool, Chemboor ", Rev. Fr. Dr. M G Mathew ,04712257460,sanjoschool11@yahoo.in
 St. Xaviers's EngMedium LPS Peyad , Sr.Nithya Mary ,04712289428,st.xaviersconventlps@gmail.com
 Govt. L. P. G. S.Paraniyam. , Usha kumari L R ,9495829009,44401glpgsp@gmail.com
 Govt. L. P. S.Poovar , Jenifer Nixon.s ,9446365377,44402poovar@gmail.com
 Govt. L. P. G. S.Perumkadavila , AJITHA Y S ,9995683263,44403glpgsperumkadavila@gmail.com
 Govt. L. P. B. S.Perumkadavila , S Ajantha Devi ,9495332209,44404lpbspkm@gmail.com
 Govt. L. P. S.ThathiyoorAruvikkara , Ajitha. v. s  ,9400676607,glpsthathiyoor@gmail.com
 Govt.Town L. P. S.Neyyattinkara , Sajikumar N R ,04712220200,44406townlpsnta@gmail.com
 Govt. J. B. S.Neyyattinkara , PREMJITH P V ,04712227920,44407jbsnta@gmail.com
 Govt. J. B. S.Amaravila , Santha C ,04712230430,44408gjbsavla@gmail.com
 Govt. L. P. S.Venkuzhi , S T SHEELA ,04712275026,44409glpsv@gmail.com
 Govt. New L. P. S.Arumanoorthura , PHILOMINA.M ,04712209933,44410gnlpsarumanoorthura@gmail.com
 Govt. L. P. S.Arumanoorthura , DELECTA.L.M ,6282291348,glpsarumannoorthura44411@gmail.com
 Govt. L. P . S.Kanjiramkulam , LETHA KUMARI S ,04712260520,glpskjm@gmail.com
 Govt. L. P. S.Thirupuram , Jayalatha.S ,9995704752,govtlpgsthirupuram@gmail.com
 Govt. L. P. S.Marayamuttom , GIRIJA S ,9895694641,glps44414@gmail.com
 Govt. L. P. G. S .Chenkal , jayalatha s ,04712236260,44415lpgsckl@gmail.com
 Govt. L. P. B. S.Chenkal , PRAMEELA.T ,04712236070,44416glpbsckl@gmail.com
 Govt. Moh. L. .P. S.Pulluvila , Rethidevi amma ,2260306,44417mlpspulluvila@gmail.com
 B. F. M. L. P. S.Perumpazhuthoor , Thanuja.S.S ,9446453848,44418bfmlps@gmail.com
 L. M. S. L. P. S.Amaravila , JUSTIN RAJ .V.J ,04712220590,justinrajhm123@gmail.com
 L. M. S. L. P. S.Arayoor , PRAMEELA CHRISTABEL ,9895913066,prameelajr64@gmail.com
 L. M. S. L. P. S.Chani , Saji .Y .S ,9446195942,44421lms@gmail.com
 L. M. S. L. P. S.Karichal , ANITHA SUMAM J.P. ,8547342800,44422lmslpskl@gmail.com
 L. M. S. L. P. S.Kodankara , GILDASUMAJAM.J.G ,04712236326,44423lmslpskk@gmail.com
 L. M. S. L. P. S.Kollavamvila , IDASANTHI S ,9496077691,44424lmslpsk@gmail.com
 L. M. S. L. P. S.Kuttaninnathil , SUBI.M.L ,8903534520,44425lmslpskl@gmail.com
 L. M. S. L. P. S.Neyyattinkara , N . J PRABHA KUMARI ,9567553729,44426lmslpsnta@gmail.com
 L. M. S. L. P. S.Thirupuram , LALKUMAR J ,9747999814,44427lmslpstm@gmail.com
 L. M. S. . L. P. S.Thozhukkal , Vijayakumari P ,9496747389,thozhukkallmslps@gmail.com
 L. M. S. L. P. S.Bhoothancode , Jothikumari M S ,04712264426,44429lmslpsbhoothamcode@gmail.com
 Luthern L. P. S.Marayamuttom , N S BEENA ,9387392259,44430lutheran@gmail.com
 M. S. C. L. P. S.Maruthathoor , Ajaya kumar D ,2225626,msclpsmaruthathoor@gmail.com
 M. S. C. L. P. S.Pampukala , Usha T ,8547206977,msclpspampukala@gmail.com
 M. S. C. L. P. S.Valiyavila , S.Leela ,9497154794,sleela.hm@gmail.com
 R. C. L. P. S.Udiyankulangara , YESUDASAN T ,04712232726,yesudasan@gmail.com
 S. A. L. P. S.Olathanni , Smt. SANTHI. A ,04712221026,salpsolathanni@gmail.com
 St Andrews L. P. S.Karumkulam , sreela  s s  ,9446262263,sssreela306@gmail.com
 St.Antonys L. P. S.Kochuthura , A. Jessy ,9495270420,44437sak@gmail.com
 St.Jacobs L. P. S.Mavilakadavu , BABY MABEL T R ,9495330744,babymabeltr@gmail.com
 St.Josephs L. P. S.Mulluvila , GLORY P M ,9497784747,44439sjlps@gmail.com
 St.Marys L. P. S.Mariyapuram , Sarojam.k ,04712234262,44440lpsmpm@gmail.com
 St.Marys L. P.G. S.Pulluvila , JUDY ANTONY ,04712263526,stmarys44441@gmail.com
 St.Nicholas L. P. S.Puthiyathura , Stanley John .J ,04712133840,44442nicholas@google.com
 St.Theresias L. P.S. Neyyattinkara , SR.ROSELIN JACOB ,2223899,stclpsm2014@gmail.com
 St.Theresias L. P.S. Olathanni , Sobha mabel S D ,04712225026,44444stthresias@gmail.com
 C. S. I  E. M. L. P.S. Amaravila , Glory John ,04712226713,csienglishmediumschoolamaravila@gmail.com
 Holy Cross L. P. S.Pottailkada , Sr.Reeja Joseph ,04712218688,holycrossschooltvm@gmail.com
 Govt. U. P. S.Sasthanthala , BINDHU K I ,04712220881,gups44448sas@gmail.com
 Govt. U. P. S.Nellikkakuzhy , SREELATHA V ,04712260040,lpupsnellikkakuzhi@gmail.com
 U. P. S. Chenkal , Indhu P B[H.M in charge] ,04712236189,upschenkal@gmail.com
 S. N. D. P U. P. S.Karumkulam , A.K.SUJATHA MENON ,9447427711,44451sndplupskarumkulam@gmail.com
 Luthern U. P. S.Ponvila , ANIL JOSE.T.P ,9447471265,44452upsponvila@gmail.com
 P. V  U. P. S.Thathiyoor , MOHANA KUMAR K.S. ,8547232098,44453pvups@gmail.com
 St.Peters U. P. S.Vlathankara , AJI. K. M ,04712237521,st.peters@gmail.com
 Govt.T.T.I.Neyyattinkara , CHRISTOPHER.G. ,04712222155,gttinta55@gmail.com
  , No Data Found! , ,HSE
" St. Teresa of AvilaSchool,Neyyattinkara ", SR.SHYLA ABEL ,2222339,stavilanta@gmail.com
 TECHNICAL HSKULATHUR , UNNIKRISHNAN NAIR A ,04712210671,thskulathoor@gmail.com
 Govt. L. P. S.Ayinkamom , Jaya chandra kumar T ,7373527338,44502ayinkamam@gmail.com
 Govt. L. P. S.Dalumugham , SREEKALA.C ,2255034,glpsdalumugham@gmail.com
 Govt. H. W . L. P.S. Devarpuram , Jaya Lekshmi. V ,8304962005,governmenthwlpsdevarpuram@gmail.com
 Govt. L. P. G. S.Erichalloor , JEYARANI M ,9745057503,lpserichalloor@gmail.com
 Govt. L. P. S.Inchivila , GLORY STELLA M ,8593076748,44506inchivila@gmail.com
 Govt. L. P. S.Kodavilakom , Syamaladevi D S ,04712205822,glpskodavilakam@gmail.com
 Govt. L. P. S.Koothali , Jolly Abraham ,04712243711,govtlpskoothali@gmail.com
 Govt. L. P. S.Kulathoor , Vijila.B.S ,04712214242,govtlpskulathoor@gmail.com
 Govt. H. W. L. P. S.Kunnathukal , KAMALABAI. E ,9388989317,44510kunnathukal@gmail.com
 Govt. L. P. S.Nalloorvattom , LAYA.L ,04712216249,glpsnalloorvattam@gmail.com
 Govt. L. P. G. S.Parassala , POULINA.M ,9496297475,glpgsparassala@gmail.com
 Govt. L. P. S.Parassala , S. VASANTHAKUMARY ,9497002445,glpsparassala@gmail.com
 Govt. L. P. S.Parasuvaikkal , SudarsanaBabu.B ,9895825780,govtlpsparasuvaikal2018@gmail.com
 Govt. T. L. P. S.Puravimala , Mary Kurian ,9495245387,gtlpspuravimala@gmail.com
 St. George`s L. P.S. Amboori , Sr.Shyni Joseph ,04712245091,hmstgeorgelpsamboori@gmail.com
 L. M. S. L. P. SAnchumaramkala , LATHA JASMINE B ,04712244215,lpsanchumaramkala@gmail.com
 M. S. C. L. P. S.Cheriyakolla Kudayal , MARIA ROSE T ,04712241426,msclpscheriyakollakudayal@gmail.com
 L. M. S. L. P. SEmbilikonam , Shylaja B ,9633643392,44519embilikonam@gmail.com
 L. M. S. L. P. SKakkaravila , JASPER . M . N ,LP,hmlmslpskakkaravila@gmail.com
 A. M. L. P. S.Kallimootukani , SHEELA S ,9495768753,sheelaamlps@gmail.com
 H. M. S. L. P. S.Karode , THANGAM P ,9995814767,thangamrobi@gmail.com
 H. M. S. L. P. S.Karumanoor , Sreeja M S ,9895566579,44523karumanoor@gmail.com
 L. M. S. L. P. SKottaikal , FASIL A ,9497015404,lmslpskottackal44524@gmail.com
 L. P. S. Kovilloor , ANILKUMAR KS ,9633584344,lpskovilloor@gmail.com
 S. A. L. P. S.Kurumkutti , Geethakumari R ,04712205877,salpskurumkutty@gmail.com
 L. M. S. L. P. SManoor , LIZY ROBERT ,04712242326,lizyvilsan@gmail.com
 L. M. S. L. P. S.Maypuram , JOY VALSALAM ,04712230126,lmslps555@gmail.com
 L. P. S. Mooverikara , VINOD KUMAR S R ,09495391872,mooverikaralps@gmail.com
 L. M. S. L. P. SPalukal , H L LAILA ,9048941663,lmslpspalukal001@gmail.com
 L. M. S. L. P. SPanachamoodu , Asha Letha  H V ,04712251018,lmslpspanachamood@gmail.com
 Samuel L. M. S. L.P. S Parassala , C E CHRISTILDA GRACE ,8281037920,slmslps44532@gmail.com
 St. Mary`s. L. P. S.Paruthiyoor , ALFRED .M ,04712212926,stmaryslpsparuthiyoor@gmail.com
 L. M. S. L. P. SPonnamkulam , PRAMEELA BENJAMIN ,8075984585,lmslpsponnamkulam@gmail.com
 L. M. S. L. P. SPoovathoor , N MABEL PROJUT LILA ,9496101237,lmslpspoovathoor@gmail.com
 St. Mary`s. L. P. S.Thekkupara , Biju Mathew ,7907804432,stmaryslpsthekkupara@gmail.com
 R. C. L. P. S.Uchakada , T  R Baisil ,04712209016,rclpsuchakkada@gmail.com
 L. M. S. L. P. SUdiyankulam , P J Sheela ,04712231526,44538udiyankulam@gmil.com
 B. M. L. P. S.Valiyavila , MINIKUMARI.C ,9489819196,bmlpsvla@gmail.com
 L. M. S. L. P. S.Virali , SUJA L J ,9562126335,lmslpsviraly44540@gmail.com
 All Saints U. P. S.Manivila , SR.Shylama ,04712252307,allsaintsmanivila@gmail.com
